-- MySQL dump 10.13  Distrib 5.1.66, for debian-linux-gnu (x86_64)
--
-- Host: localhost    Database: harley
-- ------------------------------------------------------
-- Server version	5.1.66-0+squeeze1

/*!40101 SET @OLD_CHARACTER_SET_CLIENT=@@CHARACTER_SET_CLIENT */;
/*!40101 SET @OLD_CHARACTER_SET_RESULTS=@@CHARACTER_SET_RESULTS */;
/*!40101 SET @OLD_COLLATION_CONNECTION=@@COLLATION_CONNECTION */;
/*!40101 SET NAMES utf8 */;
/*!40103 SET @OLD_TIME_ZONE=@@TIME_ZONE */;
/*!40103 SET TIME_ZONE='+00:00' */;
/*!40014 SET @OLD_UNIQUE_CHECKS=@@UNIQUE_CHECKS, UNIQUE_CHECKS=0 */;
/*!40014 SET @OLD_FOREIGN_KEY_CHECKS=@@FOREIGN_KEY_CHECKS, FOREIGN_KEY_CHECKS=0 */;
/*!40101 SET @OLD_SQL_MODE=@@SQL_MODE, SQL_MODE='NO_AUTO_VALUE_ON_ZERO' */;
/*!40111 SET @OLD_SQL_NOTES=@@SQL_NOTES, SQL_NOTES=0 */;

--
-- Table structure for table `audit_answers`
--

DROP TABLE IF EXISTS `audit_answers`;
/*!40101 SET @saved_cs_client     = @@character_set_client */;
/*!40101 SET character_set_client = utf8 */;
CREATE TABLE `audit_answers` (
  `id` int(10) NOT NULL AUTO_INCREMENT,
  `id_audit` int(10) DEFAULT NULL,
  `id_dealer` int(10) DEFAULT NULL,
  `validate` int(1) DEFAULT NULL,
  `status` int(1) DEFAULT NULL,
  `answers` text,
  `date` datetime DEFAULT NULL,
  `group_id` int(10) DEFAULT NULL,
  `notes` text,
  `sales` text,
  `id_auditor` varchar(20) DEFAULT NULL,
  PRIMARY KEY (`id`)
) ENGINE=InnoDB AUTO_INCREMENT=7 DEFAULT CHARSET=latin1;
/*!40101 SET character_set_client = @saved_cs_client */;

--
-- Dumping data for table `audit_answers`
--

LOCK TABLES `audit_answers` WRITE;
/*!40000 ALTER TABLE `audit_answers` DISABLE KEYS */;
INSERT INTO `audit_answers` VALUES (1,NULL,NULL,1,NULL,NULL,NULL,NULL,NULL,NULL,NULL),(2,85,15,2,1,'219;rffcgithub;/','2013-10-10 09:11:44',443,'','','516'),(3,85,15,2,1,'219;holaaaaa;/','2013-10-10 09:13:22',443,'','','516'),(4,85,15,2,1,'219;y van 2;/','2013-10-10 09:34:53',443,'','','516'),(5,85,15,0,1,'219;wasaaaaaaaap;/','2013-10-10 09:37:01',443,'','','516'),(6,91,15,0,1,'225;ggg;/226;yyg;/','2013-10-10 12:10:55',443,'','','516');
/*!40000 ALTER TABLE `audit_answers` ENABLE KEYS */;
UNLOCK TABLES;

--
-- Table structure for table `audit_types`
--

DROP TABLE IF EXISTS `audit_types`;
/*!40101 SET @saved_cs_client     = @@character_set_client */;
/*!40101 SET character_set_client = utf8 */;
CREATE TABLE `audit_types` (
  `id` int(10) NOT NULL AUTO_INCREMENT,
  `name` varchar(255) DEFAULT NULL,
  PRIMARY KEY (`id`)
) ENGINE=InnoDB AUTO_INCREMENT=7 DEFAULT CHARSET=latin1;
/*!40101 SET character_set_client = @saved_cs_client */;

--
-- Dumping data for table `audit_types`
--

LOCK TABLES `audit_types` WRITE;
/*!40000 ALTER TABLE `audit_types` DISABLE KEYS */;
INSERT INTO `audit_types` VALUES (1,'Sales'),(2,'Marketing'),(3,'Administrative'),(4,'Environmental'),(5,'Prueba'),(6,'Prueba de tipo de auditorÃ­a');
/*!40000 ALTER TABLE `audit_types` ENABLE KEYS */;
UNLOCK TABLES;

--
-- Table structure for table `auditorias`
--

DROP TABLE IF EXISTS `auditorias`;
/*!40101 SET @saved_cs_client     = @@character_set_client */;
/*!40101 SET character_set_client = utf8 */;
CREATE TABLE `auditorias` (
  `id` int(10) NOT NULL AUTO_INCREMENT,
  `title` varchar(255) DEFAULT NULL,
  `group_id` varchar(10) DEFAULT NULL,
  `status` int(1) DEFAULT NULL,
  `auditor` int(10) DEFAULT NULL,
  `audit_type` int(10) DEFAULT NULL,
  `post_date` datetime DEFAULT NULL,
  `dealer` int(10) DEFAULT NULL,
  `sales` varchar(255) DEFAULT '0',
  PRIMARY KEY (`id`)
) ENGINE=InnoDB AUTO_INCREMENT=101 DEFAULT CHARSET=latin1;
/*!40101 SET character_set_client = @saved_cs_client */;

--
-- Dumping data for table `auditorias`
--

LOCK TABLES `auditorias` WRITE;
/*!40000 ALTER TABLE `auditorias` DISABLE KEYS */;
INSERT INTO `auditorias` VALUES (2,'preuba2','',0,118,1,'2013-07-02 03:31:21',0,'0'),(3,'preuba2','',0,118,1,'2013-07-02 03:31:21',0,'0'),(23,'ULTIMA','443',1,118,1,'2013-07-24 14:45:32',NULL,'0'),(24,'audit 1','443',1,118,1,'2013-07-17 14:02:58',0,'0'),(25,'audit 1','444',1,118,1,'2013-07-17 14:02:58',0,'0'),(26,'best practices','313',1,338,1,'2013-07-24 12:42:29',NULL,'1'),(27,'Auditoria de calidad','440',1,118,1,'2013-07-24 13:45:30',0,'0'),(28,'practicas','313',1,338,1,'2013-07-24 13:59:51',0,'1'),(29,'Auditoria de calidad 02','313',1,338,1,'2013-07-24 14:11:06',0,'1'),(30,'escaparates','858',1,118,2,'2013-07-24 14:11:44',0,'1'),(31,'Auditoria de calidad 03','26',1,338,1,'2013-07-24 14:20:37',NULL,'1'),(32,'Auditoria de venta','315',1,338,1,'2013-07-24 14:22:52',0,'0'),(33,'Auditoria de venta','315',1,338,1,'2013-07-24 14:22:52',0,'0'),(34,'Auditoria de prueba','315',1,338,1,'2013-07-24 14:58:31',NULL,'1'),(35,'Auditoria de prueba 02','315',1,338,2,'2013-07-24 15:00:00',5,'1'),(36,'Auditoria de Prueba 1','313',1,338,1,'2013-07-24 15:00:12',5,'1'),(37,'hola','313',1,338,1,'2013-07-24 15:03:42',6,'1'),(38,'Auditoria de Prueba Florencia','313',1,338,1,'2013-07-24 15:06:09',6,'1'),(39,'Auditoria de Prueba Florencia 2','313',1,338,1,'2013-07-24 15:08:44',5,'1'),(40,'Auditoria para Maturano','315',1,353,1,'2013-07-24 15:21:59',9,'1'),(41,'Auditoria para EspaÃ±a','313',1,353,1,'2013-07-24 15:40:40',NULL,'1'),(42,'Auditoria de spain','313',1,118,1,'2013-07-24 15:52:32',0,'1'),(54,'Auditoria para Sergio','313',1,353,1,'2013-09-11 11:31:54',0,'0'),(56,'titi','445',0,118,2,'2013-09-11 11:39:41',0,'0'),(60,'Prueba 2','26',1,118,1,'2013-09-24 16:58:36',0,'0'),(61,'Prueba 2','439',1,118,1,'2013-09-24 16:58:36',0,'0'),(62,'Prueba 2','495',1,118,1,'2013-09-24 16:58:36',0,'0'),(63,'Prueba 2','730',1,118,1,'2013-09-24 16:58:36',0,'0'),(64,'Hola hola','26',1,118,2,'2013-09-24 17:29:37',0,'0'),(65,'Hola hola','439',1,118,2,'2013-09-24 17:29:37',0,'0'),(66,'Hola hola','495',1,118,2,'2013-09-24 17:29:37',0,'0'),(67,'AuditorÃ­a prueba Nivel 1','443',1,118,1,'2013-10-10 03:00:40',NULL,'0'),(68,'Prueba 000','443',1,475,2,'2013-09-24 17:53:35',0,'0'),(69,'Prueba 000','444',1,475,2,'2013-09-24 17:53:35',0,'0'),(70,'Prueba 000','445',1,475,2,'2013-09-24 17:53:35',0,'0'),(71,'Prueba 000','446',1,475,2,'2013-09-24 17:53:35',0,'0'),(73,'Prueba 000','448',0,475,2,'2013-09-24 17:53:35',0,'0'),(74,'Prueba 000','449',1,475,2,'2013-09-24 17:53:35',0,'0'),(75,'Prueba 000','450',0,475,2,'2013-09-24 17:53:35',0,'0'),(76,'Prueba 000','451',0,475,2,'2013-09-24 17:53:35',0,'0'),(77,'Prueba 000','452',0,475,2,'2013-09-24 17:53:35',0,'0'),(78,'Prueba 000','453',0,475,2,'2013-09-24 17:53:35',0,'0'),(79,'Prueba 000','454',0,475,2,'2013-09-24 17:53:35',0,'0'),(80,'Prueba 000','455',0,475,2,'2013-09-24 17:53:35',0,'0'),(81,'AAAA','478',1,118,2,'2013-09-24 18:01:56',0,'0'),(82,'prueba con arki ','25',0,118,2,'2013-10-03 12:14:57',0,'0'),(83,'prueba con arki ','25',1,118,2,'2013-10-03 12:14:57',0,'0'),(84,'','26',1,118,1,'2013-10-04 06:48:56',0,'0'),(85,'Prueba de Ricardo','443',1,118,1,'2013-10-10 03:10:31',15,'0'),(86,'AuditorÃ­a prueba Nivel 2','443',1,539,1,'2013-10-10 05:29:59',NULL,'0'),(87,'AuditorÃ­a prueba Nivel 2 (v1.1)','443',1,539,1,'2013-10-10 05:34:36',0,'0'),(88,'AuditorÃ­a prueba Nivel 2 (v1.2)','444',1,539,1,'2013-10-10 05:37:14',0,'0'),(89,'AuditorÃ­a prueba Nivel 2 (v1.3)','444',1,539,1,'2013-10-10 05:43:11',0,'0'),(90,'AuditorÃ­a prueba Nivel 2 (v1.4)','443',1,539,1,'2013-10-10 05:46:37',0,'0'),(91,'AuditorÃ­a prueba Nivel 2 (v1.5)','443',1,539,1,'2013-10-10 05:52:52',0,'0'),(92,'AuditorÃ­a prueba Nivel 2 (v1.5)','444',1,539,1,'2013-10-10 05:52:52',0,'0'),(93,'AuditorÃ­a prueba Nivel 2 (v1.5)','445',0,539,1,'2013-10-10 05:52:52',0,'0'),(94,'AuditorÃ­a prueba Nivel 2 (v1.5)','446',0,539,1,'2013-10-10 05:52:52',0,'0'),(95,'AuditorÃ­a prueba Nivel 2 (v1.5)','447',0,539,1,'2013-10-10 05:52:52',0,'0'),(96,'AuditorÃ­a prueba Nivel 2 (v1.6)','442',1,539,1,'2013-10-10 10:14:27',0,'0'),(97,'AuditorÃ­a prueba Nivel 2 (v1.7)','442',1,118,1,'2013-10-10 10:16:21',0,'0'),(98,'Auditoria admin','26',1,118,4,'2013-10-10 10:47:00',NULL,'1'),(99,'AuditorÃ­a enviroment','26',1,118,4,'2013-10-10 11:06:48',0,'0'),(100,'AuditorÃ­a enviroment 2','26',0,118,4,'2013-10-10 11:11:18',0,'0');
/*!40000 ALTER TABLE `auditorias` ENABLE KEYS */;
UNLOCK TABLES;

--
-- Table structure for table `dealers`
--

DROP TABLE IF EXISTS `dealers`;
/*!40101 SET @saved_cs_client     = @@character_set_client */;
/*!40101 SET character_set_client = utf8 */;
CREATE TABLE `dealers` (
  `id` int(11) NOT NULL AUTO_INCREMENT,
  `name` varchar(255) DEFAULT NULL,
  `manager` varchar(255) DEFAULT NULL,
  `phone` varchar(255) DEFAULT NULL,
  `address` varchar(255) DEFAULT NULL,
  `group_id` int(3) DEFAULT NULL,
  `size` varchar(20) DEFAULT NULL,
  PRIMARY KEY (`id`)
) ENGINE=InnoDB AUTO_INCREMENT=30 DEFAULT CHARSET=latin1;
/*!40101 SET character_set_client = @saved_cs_client */;

--
-- Dumping data for table `dealers`
--

LOCK TABLES `dealers` WRITE;
/*!40000 ALTER TABLE `dealers` DISABLE KEYS */;
INSERT INTO `dealers` VALUES (13,'Miami','asdfadf','asdfads','34234',NULL,''),(14,'Prueba de dealer','Prueba de dealer manager','123456','Dealer address',326,'-'),(15,'Dealer Brasil','','','Brasil',443,''),(16,'Dealer Brasil 2','','','',444,''),(17,'Dealer Brasil 3','','','',445,''),(18,'Dealer Brasil 4','','','',446,''),(19,'Dealer Brasil (PaÃ­s)','','','',442,''),(20,'Spain','Spain','123456789','Spain',313,''),(21,'Spain','Spain','123456789','Spain',313,''),(22,'Spain','Spain','123456789','Spain',313,''),(23,'Spain','Spain','123456789','Spain',313,''),(24,'Spain','Spain','123456789','Spain',313,''),(25,'Spain','Spain','123456789','Spain',313,''),(26,'Spain','Spain','123456789','Spain',313,''),(27,'Spain','Spain','123456789','Spain',313,''),(28,'Spain','Spain','123456789','Spain',313,''),(29,'Spain','Spain','123456789','Spain',313,'');
/*!40000 ALTER TABLE `dealers` ENABLE KEYS */;
UNLOCK TABLES;

--
-- Table structure for table `groups`
--

DROP TABLE IF EXISTS `groups`;
/*!40101 SET @saved_cs_client     = @@character_set_client */;
/*!40101 SET character_set_client = utf8 */;
CREATE TABLE `groups` (
  `id` int(11) NOT NULL AUTO_INCREMENT,
  `name` varchar(255) DEFAULT NULL,
  `parent_id` int(10) DEFAULT NULL,
  `lft` int(10) DEFAULT NULL,
  `rght` int(10) DEFAULT NULL,
  PRIMARY KEY (`id`)
) ENGINE=InnoDB AUTO_INCREMENT=1443 DEFAULT CHARSET=latin1;
/*!40101 SET character_set_client = @saved_cs_client */;

--
-- Dumping data for table `groups`
--

LOCK TABLES `groups` WRITE;
/*!40000 ALTER TABLE `groups` DISABLE KEYS */;
INSERT INTO `groups` VALUES (25,'Global',NULL,1,2868),(26,'Europa EMEA',25,34,859),(27,'Algeria',26,35,36),(28,'Andorra',26,37,38),(29,'Aruba',26,39,40),(30,'Austria',26,41,42),(31,'Azerbaijan',26,43,44),(32,'Bahrain',26,45,46),(33,'Belarus',26,47,48),(34,'Belgium',26,49,70),(35,'68-Izel-Chiny',34,50,51),(36,'68-Hannut',34,52,53),(37,'68-Genk',34,54,55),(38,'68-Geel',34,56,57),(39,'68-Mons-Cuesmes',34,58,59),(40,'68-St Martens-Latem',34,60,61),(41,'68-Dilbeek',34,62,63),(42,'52-Houthalen-Helchteren',34,64,65),(43,'68-Roeselare',34,66,67),(44,'68-Zwijndrecht',34,68,69),(45,'Belize',26,71,72),(46,'Brunei Darussalam',26,73,74),(47,'Cayman Islands',26,75,76),(48,'Croatia',26,77,78),(49,'Cyprus',26,79,80),(50,'Czech Republic',26,81,90),(51,'52-Brno',50,82,83),(52,'52-Prague 5',50,84,85),(53,'52-Ostrava',50,86,87),(54,'52-PlzeÅˆ',50,88,89),(55,'Denmark',26,91,94),(56,'52-Rodding',55,92,93),(57,'Egypt',26,95,96),(58,'Estonia',26,97,98),(59,'Finland',26,99,136),(60,'67-Hyllykallio',59,100,101),(61,'67-Kuopio',59,102,103),(62,'67-Oulu',59,104,105),(63,'67-Turku',59,106,107),(64,'67-LapinjÃ¤rvi',59,108,109),(65,'67-Vantaa',59,110,111),(66,'67-Kuopio',59,112,113),(67,'67-Oulu',59,114,115),(68,'67-Hyllykallio',59,116,117),(69,'67-Lempaala',59,118,119),(70,'67-Loimaa',59,120,121),(71,'67-Hyllykallio',59,122,123),(72,'67-LempÃ¤Ã¤lÃ¤',59,124,125),(73,'67-Vantaa',59,126,127),(74,'67-Turku',59,128,129),(75,'67-Kuopio',59,130,131),(76,'67-LapinjÃ¤rvi',59,132,133),(77,'67-Oulu',59,134,135),(78,'France',26,137,232),(79,'62-BESANCON',78,138,139),(80,'62-SAINT JEAN DU CARDONNAY',78,140,141),(81,'62-Saint Germain',78,142,143),(82,'62-OLIVET',78,144,145),(83,'63-BEZIERS',78,146,147),(84,'68-PARIS',78,148,149),(85,'62-IFS',78,150,151),(86,'62-CARQUEIRANNE',78,152,153),(87,'62-Rochefort du Gard',78,154,155),(88,'62-CHAMBOURCY',78,156,157),(89,'62-SEYNOD',78,158,159),(90,'62-VILLIERS SUR MARNE',78,160,161),(91,'62-LAGORD LA ROCHELLE',78,162,163),(92,'62-SAINT HERBLAIN',78,164,165),(93,'63-SAINT JEAN DE VEDAS',78,166,167),(94,'63-CEBAZAT',78,168,169),(95,'63-TOULOUSE',78,170,171),(96,'62-MOULINS LES METZ',78,172,173),(97,'62-PARIS',78,174,175),(98,'62-PARIS',78,176,177),(99,'62-Ergue-Gaberic',78,178,179),(100,'62-NICE',78,180,181),(101,'63-MARSEILLE',78,182,183),(102,'63-Roquebrune sur Argens',78,184,185),(103,'62-POITIERS',78,186,187),(104,'63-FEGERSHEIM',78,188,189),(105,'62-SEVREY',78,190,191),(106,'62-DIJON',78,192,193),(107,'62-SAUSHEIM',78,194,195),(108,'62-ORMES',78,196,197),(109,'63-FONTAINE',78,198,199),(110,'63-ST MARCEL LES VALENCE',78,200,201),(111,'62-SAINT MAXIMIN Cedex',78,202,203),(112,'63-LIMOGES',78,204,205),(113,'62-SAINT CLOUD',78,206,207),(114,'52-Dardilly',78,208,209),(115,'62-BALLAINVILLIERS',78,210,211),(116,'62-BEGLES',78,212,213),(117,'62-LA MEZIERE',78,214,215),(118,'63-Brignais',78,216,217),(119,'63-BAYONNE',78,218,219),(120,'62-LE MANS',78,220,221),(121,'62-BAILLET EN FRANCE',78,222,223),(122,'62-Saint Leonard',78,224,225),(123,'63-PERPIGNAN',78,226,227),(124,'62-PLOEREN',78,228,229),(125,'63-Salon-de-Provence',78,230,231),(126,'Germany',26,233,354),(127,'60-Muenchen',126,234,235),(128,'59-Aachen',126,236,237),(129,'64-Potsdam',126,238,239),(130,'64-Tanna',126,240,241),(131,'64-Erfurt',126,242,243),(132,'60-Erbach-Ringingen',126,244,245),(133,'64-Unterhaid',126,246,247),(134,'59-Bonn',126,248,249),(135,'64-Salzmuende/ Salzatal',126,250,251),(136,'64-Osnabrueck',126,252,253),(137,'64-Luebeck',126,254,255),(138,'59-Frankfurt',126,256,257),(139,'64-Fulda',126,258,259),(140,'64-Hamburg',126,260,261),(141,'59-Bochum',126,262,263),(142,'59-Koblenz',126,264,265),(143,'64-Schwerin',126,266,267),(144,'64-Rostock',126,268,269),(145,'59-Korntal-Muenchingen',126,270,271),(146,'59-Weil/Haltingen',126,272,273),(147,'60-Niederreisbach',126,274,275),(148,'64-Breitenfelde',126,276,277),(149,'59-Hagen-Haspe',126,278,279),(150,'64-Kiel',126,280,281),(151,'59-Tuttlingen (Nendingen)',126,282,283),(152,'59-Bruchmuehlbach',126,284,285),(153,'64-Braunschweig',126,286,287),(154,'59-Wetzlar-Dutenhofen',126,288,289),(155,'59-Koeln',126,290,291),(156,'60-Gelting /Geretsried',126,292,293),(157,'60-Staudach / Wangen i.A.',126,294,295),(158,'59-Konz',126,296,297),(159,'59-Schaafheim',126,298,299),(160,'59-Ludwigshafen-Ruchheim',126,300,301),(161,'64-Bremen',126,302,303),(162,'64-Muenster',126,304,305),(163,'59-Hannover',126,306,307),(164,'64-Berlin',126,308,309),(165,'64-Magdeburg',126,310,311),(166,'64-Bielefeld',126,312,313),(167,'59-Remscheid',126,314,315),(168,'59-Hanau',126,316,317),(169,'64-Augustfehn',126,318,319),(170,'60-Augsburg',126,320,321),(171,'60-Regensburg',126,322,323),(172,'64-Leipzig-Eutritzsch',126,324,325),(173,'59-Hamminkeln',126,326,327),(174,'64-Marktredwitz',126,328,329),(175,'59-Hettstadt',126,330,331),(176,'64-Radebeul',126,332,333),(177,'59-Kamen-Heeren',126,334,335),(178,'64-KÃ¶nigs Wusterhausen',126,336,337),(179,'59-Wiesbaden',126,338,339),(180,'60-MÃ¼nchen',126,340,341),(181,'60-Baden-Baden',126,342,343),(182,'59-Bensheim',126,344,345),(183,'59-Saarbruecken',126,346,347),(184,'59-Baunatal',126,348,349),(185,'60-Hochdorf',126,350,351),(186,'59-Chemnitz',126,352,353),(187,'Hungary',26,355,358),(188,'52-Nyiregyhaza',187,356,357),(189,'India',26,359,376),(190,'83-New Delhi',189,360,361),(191,'83-Hyderabad',189,362,363),(192,'83-Mumbai',189,364,365),(193,'83-Gujrat',189,366,367),(194,'83-Kolkata',189,368,369),(195,'83-Chandigarh',189,370,371),(196,'83-Kochi',189,372,373),(197,'83-Chennai',189,374,375),(198,'Ireland, Republic Of',26,377,380),(199,'51-Dublin',198,378,379),(200,'Israel',26,381,382),(201,'Italy',26,383,474),(202,'68-SESTRI LEVANTE',201,384,385),(203,'68-LIVORNO',201,386,387),(204,'68-NICHELINO',201,388,389),(205,'68-TORINO',201,390,391),(206,'68-NAPOLI',201,392,393),(207,'68-MILANO',201,394,395),(208,'68-CATANZARO',201,396,397),(209,'68-VITERBO',201,398,399),(210,'68-NAPOLI',201,400,401),(211,'68-MODUGNO',201,402,403),(212,'68-BOLOGNA',201,404,405),(213,'68-PADOVA',201,406,407),(214,'68-VADO LIGURE',201,408,409),(215,'68-MONTEGRANARO',201,410,411),(216,'68-RONCOFERRARO',201,412,413),(217,'68-CORREGGIO',201,414,415),(218,'68-CAGLIARI',201,416,417),(219,'68-CASTIGLIONE FALLETTO',201,418,419),(220,'68-ACIREALE',201,420,421),(221,'68-VARESE',201,422,423),(222,'68-ROMA',201,424,425),(223,'68-RAVENNA',201,426,427),(224,'68-CONCOREZZO',201,428,429),(225,'68-PAVIA',201,430,431),(226,'68-FIRENZE',201,432,433),(227,'68-MONTESILVANO',201,434,435),(228,'68-PALERMO',201,436,437),(229,'68-MILANO',201,438,439),(230,'68-SAN PAOLO D\'ARGON',201,440,441),(231,'68-LEGNANO',201,442,443),(232,'68-CAPANNORI',201,444,445),(233,'68-GENOVA',201,446,447),(234,'68-BRESCIA',201,448,449),(235,'68-TAVERNE DI CORCIANO',201,450,451),(236,'68-ROMA',201,452,453),(237,'68-FROSINONE',201,454,455),(238,'68-BOLZANO',201,456,457),(239,'68-TREVISO',201,458,459),(240,'68-STRADELLA DI COLLECCHIO',201,460,461),(241,'68-BASSANO DEL GRAPPA',201,462,463),(242,'68-SOMMACAMPAGNA',201,464,465),(243,'68-SALERNO',201,466,467),(244,'68-JESI',201,468,469),(245,'68-CREAZZO',201,470,471),(246,'68-BAIANO',201,472,473),(247,'Kuwait',26,475,476),(248,'Latvia',26,477,478),(249,'Lebanon',26,479,480),(250,'Luxembourg',26,481,482),(251,'Malta',26,483,484),(252,'Mauritius',26,485,486),(253,'Morocco',26,487,488),(254,'Netherlands',26,489,512),(255,'68-Den Haag',254,490,491),(256,'68-Vroomshoop',254,492,493),(257,'68-Amersfoort',254,494,495),(258,'68-Breda',254,496,497),(259,'68-Alkmaar',254,498,499),(260,'68-Goes',254,500,501),(261,'68-Kerkrade',254,502,503),(262,'68-Heteren',254,504,505),(263,'68-Veghel',254,506,507),(264,'68-Amsterdam',254,508,509),(265,'68-Nieuwerkerk a/d IJssel',254,510,511),(266,'Netherlands Antilles',26,513,514),(267,'Norway',26,515,532),(268,'67-Stavanger',267,516,517),(269,'67-OSLO',267,518,519),(270,'67-Sandefjord',267,520,521),(271,'67-Sarpsborg',267,522,523),(272,'67-Alesund',267,524,525),(273,'67-Tromso',267,526,527),(274,'67-Trondheim',267,528,529),(275,'67-Ballangen',267,530,531),(276,'Oman',26,533,534),(277,'Poland',26,535,548),(278,'52-Katowice',277,536,537),(279,'52-Gdansk',277,538,539),(280,'52-Poznan Wielkopolskie',277,540,541),(281,'52-Wroclaw',277,542,543),(282,'52-KrakÃ³w',277,544,545),(283,'52-Lodz',277,546,547),(284,'Portugal',26,549,554),(285,'68-Portugal',284,550,551),(286,'68-Lisboa',284,552,553),(287,'Qatar',26,555,556),(288,'Republic of Serbia',26,557,558),(289,'Reunion',26,559,560),(290,'Romania',26,561,562),(291,'Russia',26,563,572),(292,'52-St. Petersburg',291,564,565),(293,'52-Krasnodar',291,566,567),(294,'52-Ekaterinburg',291,568,569),(295,'52-Irkutsk',291,570,571),(296,'Saint Christopher (Kitts) And Nevis',26,573,574),(297,'Saudi Arabia',26,575,582),(298,'66-Riyadh',297,576,577),(299,'66-Dammam',297,578,579),(300,'66-Jubail',297,580,581),(301,'Slovakia',26,583,586),(302,'52-Presov',301,584,585),(303,'South Africa',26,587,606),(304,'66-Cape Town',303,588,589),(305,'66-Sandton',303,590,591),(306,'66-Roodepoort',303,592,593),(307,'66-Durban',303,594,595),(308,'66-Hughes, Boksburg',303,596,597),(309,'66-Pretoria',303,598,599),(310,'66-Nelspruit',303,600,601),(311,'66-Cape Town',303,602,603),(312,'66-Pretoria',303,604,605),(313,'Spain',26,607,666),(314,'68-REUS (TARRAGONA)',313,608,609),(315,'68-ZARAGOZA',313,610,611),(316,'68-SEVILLA',313,612,613),(317,'68-VIGO (PONTEVEDRA)',313,614,615),(318,'68-PUERTO DE SANTA MARIA',313,616,617),(319,'68-ALMERÃA',313,618,619),(320,'68-VALENCIA',313,620,621),(321,'68-Palma De Mallorca',313,622,623),(322,'68-CASTELLÃ“N',313,624,625),(323,'68-ASTILLERO (CANTABRIA)',313,626,627),(324,'68-LAS PALMAS',313,628,629),(325,'68-MELILLA',313,630,631),(326,'68-BILLABONA (GUIPUZKOA)',313,632,633),(327,'68-MADRID',313,634,635),(328,'68-SANTA CRUZ DE TENERIFE',313,636,637),(329,'68-LLEIDA',313,638,639),(330,'68-Madrid',313,640,641),(331,'68-COLLOTO-SIERO',313,642,643),(332,'68-BASAURI / VIZCAYA',313,644,645),(333,'68-PERILLO',313,646,647),(334,'68-MatarÃ³',313,648,649),(335,'68-MÃ©rida',313,650,651),(336,'68-MARACENA',313,652,653),(337,'68-Barcelona',313,654,655),(338,'68-MÃºrcia',313,656,657),(339,'68-BARCELONA',313,658,659),(340,'68-Massanasa (Valencia)',313,660,661),(341,'68-Alicante',313,662,663),(342,'68-MÃLAGA',313,664,665),(343,'Sweden',26,667,740),(344,'68-Norrkoping',343,668,669),(345,'68-Karlstad',343,670,671),(346,'68-Linkoping',343,672,673),(347,'68-Malmo',343,674,675),(348,'68-Vaxjo',343,676,677),(349,'68-Avesta',343,678,679),(350,'68-Stockholm',343,680,681),(351,'68-Molndal',343,682,683),(352,'68-Jarvso',343,684,685),(353,'68-Taby',343,686,687),(354,'68-Kumla',343,688,689),(355,'68-Molndal',343,690,691),(356,'68-SÃ¤tra',343,692,693),(357,'68-Gagnef',343,694,695),(358,'68-Stockholm',343,696,697),(359,'67-Are',343,698,699),(360,'67-SWEDEN',343,700,701),(361,'68-Eskilstuna',343,702,703),(362,'68-Trollhattan',343,704,705),(363,'68-SUNDSVALL',343,706,707),(364,'66-Jonkoping',343,708,709),(365,'66-JÃ¤rvsÃ¶',343,710,711),(366,'66-UmeÃ¥',343,712,713),(367,'66-Sundsvall',343,714,715),(368,'66-LuleÃ¥',343,716,717),(369,'66-Kumla',343,718,719),(370,'66-Avesta',343,720,721),(371,'66-MÃ¶lndal',343,722,723),(372,'66-TrollhÃ¤ttan',343,724,725),(373,'66-Karlstad',343,726,727),(374,'66-LinkÃ¶ping',343,728,729),(375,'66-Stockholm',343,730,731),(376,'66-Helsingborg',343,732,733),(377,'66-VÃ¤xjÃ¶',343,734,735),(378,'66-NorrkÃ¶ping',343,736,737),(379,'66-TÃ¤by',343,738,739),(380,'Switzerland',26,741,778),(381,'69-Hessigkofen',380,742,743),(382,'69-Dietikon',380,744,745),(383,'69-HÃ¼nenberg',380,746,747),(384,'69-Ostermundigen',380,748,749),(385,'69-Moenchaltorf',380,750,751),(386,'69-Le Lignon-GenÃ¨ve',380,752,753),(387,'69-Morges',380,754,755),(388,'69-Marly',380,756,757),(389,'69-Densbueren',380,758,759),(390,'69-Weinfelden',380,760,761),(391,'69-Au',380,762,763),(392,'69-Cortaillod',380,764,765),(393,'69-Lamone',380,766,767),(394,'69-Aesch',380,768,769),(395,'69-Steffisburg',380,770,771),(396,'69-Maienfeld',380,772,773),(397,'69-ZÃ¼rich',380,774,775),(398,'69-Raron',380,776,777),(399,'Turkey',26,779,788),(400,'67-Izmir',399,780,781),(401,'67-ISTANBUL',399,782,783),(402,'67-Ankara',399,784,785),(403,'67-ANTALYA',399,786,787),(404,'Ukraine',26,789,790),(405,'United Arab Emirates',26,791,796),(406,'66-Abu Dhabi',405,792,793),(407,'52-Dubai',405,794,795),(408,'United Kingdom',26,797,858),(409,'51-Bristol',408,798,799),(410,'51-London',408,800,801),(411,'51-UPPINGHAM',408,802,803),(412,'51-NR LEWES',408,804,805),(413,'51-Wolverhampton',408,806,807),(414,'51-London',408,808,809),(415,'51-Jersey',408,810,811),(416,'51-Bridgwater',408,812,813),(417,'51-Birmingham',408,814,815),(418,'51-GLASGOW',408,816,817),(419,'51-Newmarket',408,818,819),(420,'51-Oxford',408,820,821),(421,'51-Nottingham',408,822,823),(422,'51-Edinburgh',408,824,825),(423,'51-Chester',408,826,827),(424,'51-Abingdon',408,828,829),(425,'51-Preston',408,830,831),(426,'51-Norwich',408,832,833),(427,'51-Cheltenham',408,834,835),(428,'51-Lincoln',408,836,837),(429,'51-Guildford',408,838,839),(430,'51-Plymouth',408,840,841),(431,'51-Newcastle Upon Tyne',408,842,843),(432,'51-West Thurrock',408,844,845),(433,'51-Southampton',408,846,847),(434,'51-Aylesford',408,848,849),(435,'51-Stoke-On-Trent',408,850,851),(436,'51-Leeds',408,852,853),(437,'51-Belfast',408,854,855),(438,'51-Camberley',408,856,857),(439,'LATAM',25,860,971),(440,'Argentina',439,861,862),(441,'Bolivia',439,863,864),(442,'Brazil',439,865,892),(443,'81-Curitiba',442,866,867),(444,'81-Goiania',442,868,869),(445,'81-Campinas',442,870,871),(446,'81-Porto Alegre',442,872,873),(447,'81-Rio De Janeiro',442,874,875),(448,'81-Sao Paulo',442,876,877),(449,'81-Brasilia',442,878,879),(450,'81-Florianopolis',442,880,881),(451,'81-Campo Grande',442,882,883),(452,'81-Ribeirao Preto',442,884,885),(453,'81-Fortaleza',442,886,887),(454,'81-Recife',442,888,889),(455,'81-Belo Horizonte',442,890,891),(456,'Chile',439,893,894),(457,'Colombia',439,895,896),(458,'Costa Rica',439,897,898),(459,'Dominican Republic',439,899,900),(460,'Ecuador',439,901,902),(461,'El Salvador',439,903,904),(462,'Guatemala',439,905,906),(463,'Honduras',439,907,908),(464,'Jamaica',439,909,920),(465,'42-Montego Bay',464,910,911),(466,'42-Ocho Rios',464,912,913),(467,'42-Montego Bay',464,914,915),(468,'42-Negril',464,916,917),(469,'42-Falmouth',464,918,919),(470,'Mexico',439,921,960),(471,'82-Naucalpan',470,922,923),(472,'82-Zapopan',470,924,925),(473,'82-Cancun',470,926,927),(474,'82-Cabo San Lucas',470,928,929),(475,'82-Cancun',470,930,931),(476,'82-MÃ©rida',470,932,933),(477,'82-Monterrey',470,934,935),(478,'82-Ocoyoacac',470,936,937),(479,'82-QuerÃ©taro',470,938,939),(480,'82-Cuernavaca',470,940,941),(481,'82-TorreÃ³n',470,942,943),(482,'82-San Luis Potosi',470,944,945),(483,'82-Mexico City',470,946,947),(484,'82-Mexico City',470,948,949),(485,'82-LeÃ³n',470,950,951),(486,'82-Cancun',470,952,953),(487,'82-MÃ©xico',470,954,955),(488,'82-Monterrey',470,956,957),(489,'82-Cabo San Lucas',470,958,959),(490,'Panama',439,961,962),(491,'Paraguay',439,963,964),(492,'Puerto Rico',439,965,966),(493,'Uruguay',439,967,968),(494,'Venezuela',439,969,970),(495,'AP',25,972,1441),(496,'Australia',495,973,1064),(497,'-Melbourne',496,974,975),(498,'55-Melbourne',496,976,977),(499,'53-Maroochydore',496,978,979),(500,'57-Alexandria',496,980,981),(501,'55-Lavington',496,982,983),(502,'53-Mackay',496,984,985),(503,'53-Pinelands',496,986,987),(504,'57-West Gosford',496,988,989),(505,'57-Tamworth',496,990,991),(506,'55-Bendigo',496,992,993),(507,'53-Bundaberg',496,994,995),(508,'53-Springwood',496,996,997),(509,'55-Cannington',496,998,999),(510,'53-Townsville',496,1000,1001),(511,'55-Hobart',496,1002,1003),(512,'53-Newstead',496,1004,1005),(513,'53-Southport',496,1006,1007),(514,'79-Tullamarine',496,1008,1009),(515,'53-Cairns',496,1010,1011),(516,'55-Brunswick',496,1012,1013),(517,'55-Mildura',496,1014,1015),(518,'55-Launceston',496,1016,1017),(519,'55-Ringwood',496,1018,1019),(520,'57-Broadmeadow',496,1020,1021),(521,'57-Orange',496,1022,1023),(522,'57-Blacktown',496,1024,1025),(523,'57-Fyshwick',496,1026,1027),(524,'57-Campbelltown',496,1028,1029),(525,'53-Rockhampton',496,1030,1031),(526,'53-Gladstone',496,1032,1033),(527,'53-Mount Isa',496,1034,1035),(528,'53-Toowoomba',496,1036,1037),(529,'53-Kingaroy',496,1038,1039),(530,'57-Griffith',496,1040,1041),(531,'55-Dandenong',496,1042,1043),(532,'55-Albany',496,1044,1045),(533,'57-Concord',496,1046,1047),(534,'57-Moree',496,1048,1049),(535,'57-Coffs Harbour',496,1050,1051),(536,'55-Geelong',496,1052,1053),(537,'55-Horsham',496,1054,1055),(538,'53-Alice Springs',496,1056,1057),(539,'55-Adelaide',496,1058,1059),(540,'57-Fairy Meadow',496,1060,1061),(541,'55-Dianella',496,1062,1063),(542,'Austria',495,1065,1076),(543,'60-Wien',542,1066,1067),(544,'60-Salzburg',542,1068,1069),(545,'60-Klagenfurt',542,1070,1071),(546,'60-Graz',542,1072,1073),(547,'60-Hall in Tirol',542,1074,1075),(548,'China, Peoples Republic Of',495,1077,1102),(549,'80-Shanghai',548,1078,1079),(550,'80-Qingdao City',548,1080,1081),(551,'80-Wenzhou',548,1082,1083),(552,'80-Dalian',548,1084,1085),(553,'80-Chendgu',548,1086,1087),(554,'80-SuZhou',548,1088,1089),(555,'80-Shanghai',548,1090,1091),(556,'80-Wuhan City',548,1092,1093),(557,'80-Chongqing',548,1094,1095),(558,'80-Chian',548,1096,1097),(559,'80-Changsha',548,1098,1099),(560,'80-Tianjin',548,1100,1101),(561,'Hong Kong',495,1103,1104),(562,'Indonesia',495,1105,1114),(563,'65-Jawa Timur',562,1106,1107),(564,'65-Jakarta',562,1108,1109),(565,'65-Jakarta',562,1110,1111),(566,'65-Bali',562,1112,1113),(567,'Japan',495,1115,1398),(568,'58-Nagano',567,1116,1117),(569,'58-Higashiusuki-gun',567,1118,1119),(570,'58-Yaizu',567,1120,1121),(571,'58-Ofunato',567,1122,1123),(572,'58-Iwaki',567,1124,1125),(573,'58-Ashikaga',567,1126,1127),(574,'58-Mooka',567,1128,1129),(575,'58-Ageo',567,1130,1131),(576,'58-Yokohama',567,1132,1133),(577,'58-Yokohama',567,1134,1135),(578,'58-Iida',567,1136,1137),(579,'58-Tokai',567,1138,1139),(580,'58-Ise',567,1140,1141),(581,'58-Naka-gun',567,1142,1143),(582,'58-Nerima',567,1144,1145),(583,'58-Tosu',567,1146,1147),(584,'58-Akishima',567,1148,1149),(585,'58-Tomigusuku',567,1150,1151),(586,'58-Kishiwada',567,1152,1153),(587,'58-Nishi-matsuura-gun',567,1154,1155),(588,'58-Kasukabe',567,1156,1157),(589,'58-Higashi-kurume',567,1158,1159),(590,'58-Niigata',567,1160,1161),(591,'58-Mie-gun',567,1162,1163),(592,'58-Ebetsu',567,1164,1165),(593,'58-Ota',567,1166,1167),(594,'58-Kanazawa',567,1168,1169),(595,'58-Fuefuki',567,1170,1171),(596,'58-Kobe',567,1172,1173),(597,'58-Minami-Uonuma',567,1174,1175),(598,'58-Iwakuni',567,1176,1177),(599,'58-Kani',567,1178,1179),(600,'58-Shimanto',567,1180,1181),(601,'58-Setagaya',567,1182,1183),(602,'58-lsesaki',567,1184,1185),(603,'58-Oyama',567,1186,1187),(604,'58-Sapporo',567,1188,1189),(605,'58-Yamagata',567,1190,1191),(606,'58-Kawagoe',567,1192,1193),(607,'58-Kashiwa',567,1194,1195),(608,'58-Nara',567,1196,1197),(609,'58-Kobe',567,1198,1199),(610,'58-Oita',567,1200,1201),(611,'58-Ginowan',567,1202,1203),(612,'58-Toyama',567,1204,1205),(613,'58-Kanazawa',567,1206,1207),(614,'58-Kamina-gun',567,1208,1209),(615,'58-Nagoya',567,1210,1211),(616,'58-Hamamatsu',567,1212,1213),(617,'58-Hirakata',567,1214,1215),(618,'58-Okayama',567,1216,1217),(619,'58-Hiroshima',567,1218,1219),(620,'58-Fukuyama',567,1220,1221),(621,'58-Suginami-ku',567,1222,1223),(622,'58-Shimonoseki',567,1224,1225),(623,'58-Kochi',567,1226,1227),(624,'58-Miyazaki',567,1228,1229),(625,'58-Aira',567,1230,1231),(626,'58-Tsukuba',567,1232,1233),(627,'58-Asahikawa',567,1234,1235),(628,'58-Nasu-shiobara',567,1236,1237),(629,'58-Fukaya',567,1238,1239),(630,'58-Chofu',567,1240,1241),(631,'58-Nagaoka',567,1242,1243),(632,'58-Chiryu',567,1244,1245),(633,'58-Osaka',567,1246,1247),(634,'58-Kyoto',567,1248,1249),(635,'58-Himeji',567,1250,1251),(636,'58-Tokushima',567,1252,1253),(637,'58-Fukushima',567,1254,1255),(638,'58-Tsukuba',567,1256,1257),(639,'58-Ichihara',567,1258,1259),(640,'58-Tottori',567,1260,1261),(641,'58-Izumo',567,1262,1263),(642,'58-Higasi Hiroshima',567,1264,1265),(643,'58-Kita-Ku',567,1266,1267),(644,'58-Sakai',567,1268,1269),(645,'58-Kagoshima',567,1270,1271),(646,'58-Sendai',567,1272,1273),(647,'58-Ishinomaki',567,1274,1275),(648,'58-Maebashi',567,1276,1277),(649,'58-Kurashiki',567,1278,1279),(650,'58-Narita',567,1280,1281),(651,'58-Ueda',567,1282,1283),(652,'58-Machida',567,1284,1285),(653,'58-Higashi-Osaka',567,1286,1287),(654,'58-Koto-Ku',567,1288,1289),(655,'58-Tama',567,1290,1291),(656,'58-Kyoto',567,1292,1293),(657,'58-Hiroshima',567,1294,1295),(658,'58-Kobe',567,1296,1297),(659,'58-Nishi-Tokyo',567,1298,1299),(660,'58-Nagasaki',567,1300,1301),(661,'58-Osaka',567,1302,1303),(662,'58-Minami-Alps',567,1304,1305),(663,'58-Hakodate',567,1306,1307),(664,'58-Ina',567,1308,1309),(665,'58-Yokohama',567,1310,1311),(666,'58-Iyo-gun',567,1312,1313),(667,'58-Kyoto',567,1314,1315),(668,'58-Fukui',567,1316,1317),(669,'58-Kumamoto',567,1318,1319),(670,'58-Onojyo',567,1320,1321),(671,'58-Miyazaki',567,1322,1323),(672,'58-Numazu',567,1324,1325),(673,'58-Ohta-Ku',567,1326,1327),(674,'58-Takasaki',567,1328,1329),(675,'58-Shimotsuga-gun',567,1330,1331),(676,'58-Aomori',567,1332,1333),(677,'58-Shiojiri',567,1334,1335),(678,'58-Kawaguchi',567,1336,1337),(679,'58-Tsuchiura',567,1338,1339),(680,'58-Gifu',567,1340,1341),(681,'58-Matsusaka',567,1342,1343),(682,'58-Yamaguchi',567,1344,1345),(683,'58-Shibuya-ku',567,1346,1347),(684,'58-Ichikawa',567,1348,1349),(685,'58-Mito',567,1350,1351),(686,'58-Sendai',567,1352,1353),(687,'58-Hachiouji',567,1354,1355),(688,'58-Matsuyama',567,1356,1357),(689,'58-Saitama',567,1358,1359),(690,'58-Chigasaki',567,1360,1361),(691,'58-Yokohama',567,1362,1363),(692,'58-Kitakami',567,1364,1365),(693,'58-Nagoya',567,1366,1367),(694,'58-Soka',567,1368,1369),(695,'58-Niigata',567,1370,1371),(696,'58-Shizuoka',567,1372,1373),(697,'58-Toyohashi',567,1374,1375),(698,'58-Kyoto',567,1376,1377),(699,'58-Maizuru',567,1378,1379),(700,'58-Amagasaki',567,1380,1381),(701,'58-Wakayama',567,1382,1383),(702,'58-Fukuoka',567,1384,1385),(703,'58-Kagoshima',567,1386,1387),(704,'58-Hofu',567,1388,1389),(705,'58-Sapporo',567,1390,1391),(706,'58-Akita',567,1392,1393),(707,'58-Hikone',567,1394,1395),(708,'58-Koriyama',567,1396,1397),(709,'Jordan',495,1399,1400),(710,'Korea, Democratic Peoples Republic',495,1401,1402),(711,'Korea, Republic Of',495,1403,1410),(712,'65-Giyeonggi-do',711,1404,1405),(713,'65-Daejon',711,1406,1407),(714,'65-Gyeonggi-do',711,1408,1409),(715,'Malaysia',495,1411,1414),(716,'65-Prai, Penang',715,1412,1413),(717,'New Caledonia',495,1415,1418),(718,'65-NOUMEA',717,1416,1417),(719,'New Zealand',495,1419,1430),(720,'54-Christchurch',719,1420,1421),(721,'54-Palmerston North',719,1422,1423),(722,'54-Wellington',719,1424,1425),(723,'54-Hamilton',719,1426,1427),(724,'54-Dunedin',719,1428,1429),(725,'Singapore',495,1431,1434),(726,'65-Singapore',725,1432,1433),(727,'Taiwan, Republic Of China',495,1435,1438),(728,'65-Kaohsiung',727,1436,1437),(729,'Thailand',495,1439,1440),(730,'NA',25,1442,2867),(731,'Barbados',730,1443,1446),(732,'42-St. Michael',731,1444,1445),(733,'Canada',730,1447,1582),(734,'36-Chilliwack',733,1448,1449),(735,'36-Victoria',733,1450,1451),(736,'36-Vancouver',733,1452,1453),(737,'36-Langley',733,1454,1455),(738,'36-Kamloops',733,1456,1457),(739,'36-Smithers',733,1458,1459),(740,'36-Cranbrook',733,1460,1461),(741,'36-Kelowna',733,1462,1463),(742,'36-Whitehorse',733,1464,1465),(743,'36-Dunmore',733,1466,1467),(744,'36-Grande Prairie',733,1468,1469),(745,'36-Fort McMurray',733,1470,1471),(746,'36-Calgary',733,1472,1473),(747,'36-Calgary',733,1474,1475),(748,'36-Lethbridge',733,1476,1477),(749,'36-Edmonton',733,1478,1479),(750,'36-Yellowknife',733,1480,1481),(751,'36-Edmonton',733,1482,1483),(752,'36-Lloydminster',733,1484,1485),(753,'36-Red Deer County',733,1486,1487),(754,'36-Saskatoon',733,1488,1489),(755,'36-Regina',733,1490,1491),(756,'36-Yorkton',733,1492,1493),(757,'36-Morden',733,1494,1495),(758,'36-Winnipeg',733,1496,1497),(759,'36-Winnipeg',733,1498,1499),(760,'36-Niagara on the Lake',733,1500,1501),(761,'36-Blenheim',733,1502,1503),(762,'36-Owen Sound',733,1504,1505),(763,'36-Thunder Bay',733,1506,1507),(764,'36-Kingston',733,1508,1509),(765,'36-Sarnia',733,1510,1511),(766,'36-Kitchener',733,1512,1513),(767,'36-London',733,1514,1515),(768,'36-Barrie',733,1516,1517),(769,'36-Oshawa',733,1518,1519),(770,'36-Nepean',733,1520,1521),(771,'36-Peterborough',733,1522,1523),(772,'36-Sudbury',733,1524,1525),(773,'36-Mississauga',733,1526,1527),(774,'36-Windsor',733,1528,1529),(775,'36-Richmond Hill',733,1530,1531),(776,'36-Hawkesbury',733,1532,1533),(777,'36-Pembroke',733,1534,1535),(778,'36-Val d\'Or',733,1536,1537),(779,'36-Rimouski',733,1538,1539),(780,'36-Ville de Quebec',733,1540,1541),(781,'36-Laval',733,1542,1543),(782,'36-Brossard',733,1544,1545),(783,'36-St-Hyacinthe',733,1546,1547),(784,'36-Valleyfield',733,1548,1549),(785,'36-Victoriaville',733,1550,1551),(786,'36-Saguenay',733,1552,1553),(787,'36-Baie Comeau',733,1554,1555),(788,'36-Gatineau',733,1556,1557),(789,'36-Montreal',733,1558,1559),(790,'36-Sherbrooke',733,1560,1561),(791,'36-Shawinigan',733,1562,1563),(792,'36-BÃ©cancour',733,1564,1565),(793,'36-Repentigny',733,1566,1567),(794,'36-Sydney',733,1568,1569),(795,'36-Moncton',733,1570,1571),(796,'36-Halifax',733,1572,1573),(797,'36-Mount Pearl',733,1574,1575),(798,'36-Saint John',733,1576,1577),(799,'36-Miramichi',733,1578,1579),(800,'36-Cornwall',733,1580,1581),(801,'Guam',730,1583,1584),(802,'The Bahamas',730,1585,1592),(803,'42-Grand Bahama Island',802,1586,1587),(804,'42-Nassau',802,1588,1589),(805,'42-Freeport',802,1590,1591),(806,'United States',730,1593,2862),(807,'12-Plainfield',806,1594,1595),(808,'26-Mesa',806,1596,1597),(809,'31-Trussville',806,1598,1599),(810,'30-Mobile',806,1600,1601),(811,'41-Kahului, Maui',806,1602,1603),(812,'33-Montgomery',806,1604,1605),(813,'21-Anchorage',806,1606,1607),(814,'21-Fairbanks',806,1608,1609),(815,'26-Chandler',806,1610,1611),(816,'26-Peoria',806,1612,1613),(817,'26-Phoenix',806,1614,1615),(818,'26-Tucson',806,1616,1617),(819,'26-Yuma',806,1618,1619),(820,'30-Monroe',806,1620,1621),(821,'76-Jonesboro',806,1622,1623),(822,'24-Atascadero',806,1624,1625),(823,'24-Fullerton',806,1626,1627),(824,'24-Canoga Park',806,1628,1629),(825,'22-Chico',806,1630,1631),(826,'24-Marina Del Rey',806,1632,1633),(827,'22-Eureka',806,1634,1635),(828,'23-Fresno',806,1636,1637),(829,'23-Fresno',806,1638,1639),(830,'24-Glendale',806,1640,1641),(831,'24-Harbor City',806,1642,1643),(832,'23-Morgan Hill',806,1644,1645),(833,'23-Modesto',806,1646,1647),(834,'24-Montclair',806,1648,1649),(835,'25-San Marcos',806,1650,1651),(836,'25-N. Palm Springs',806,1652,1653),(837,'22-Redding',806,1654,1655),(838,'25-Riverside',806,1656,1657),(839,'24-Baldwin Park',806,1658,1659),(840,'22-Sacramento',806,1660,1661),(841,'25-Loma Linda',806,1662,1663),(842,'25-National City',806,1664,1665),(843,'25-San Diego',806,1666,1667),(844,'23-South San Francisco',806,1668,1669),(845,'24-Irvine',806,1670,1671),(846,'23-Cotati',806,1672,1673),(847,'25-Temecula',806,1674,1675),(848,'22-Ukiah',806,1676,1677),(849,'23-Visalia',806,1678,1679),(850,'25-Victorville',806,1680,1681),(851,'23-Walnut Creek',806,1682,1683),(852,'24-Camarillo',806,1684,1685),(853,'22-Yuba City',806,1686,1687),(854,'19-Aurora',806,1688,1689),(855,'19-Colorado Springs',806,1690,1691),(856,'19-Loveland',806,1692,1693),(857,'19-Grand Junction',806,1694,1695),(858,'19-Littleton',806,1696,1697),(859,'19-Frederick',806,1698,1699),(860,'19-Thornton',806,1700,1701),(861,'3-Danbury',806,1702,1703),(862,'3-Branford',806,1704,1705),(863,'3-Ellington',806,1706,1707),(864,'5-Seaford',806,1708,1709),(865,'7-Fort Washington',806,1710,1711),(866,'77-Ormond Beach',806,1712,1713),(867,'34-Fort Myers',806,1714,1715),(868,'33-Fort Walton Beach',806,1716,1717),(869,'77-Gainesville',806,1718,1719),(870,'77-Orange Park',806,1720,1721),(871,'77-Jacksonville',806,1722,1723),(872,'34-Lakeland',806,1724,1725),(873,'77-Leesburg',806,1726,1727),(874,'34-Miami',806,1728,1729),(875,'34-Naples',806,1730,1731),(876,'77-Ocala',806,1732,1733),(877,'77-Orlando',806,1734,1735),(878,'33-Pensacola',806,1736,1737),(879,'34-Miami',806,1738,1739),(880,'34-St. Petersburg',806,1740,1741),(881,'34-Sarasota',806,1742,1743),(882,'34-Stuart',806,1744,1745),(883,'34-Tampa',806,1746,1747),(884,'77-Tallahassee',806,1748,1749),(885,'34-West Palm Beach',806,1750,1751),(886,'33-Roswell',806,1752,1753),(887,'33-Bogart',806,1754,1755),(888,'33-Buford',806,1756,1757),(889,'33-Lithia Springs',806,1758,1759),(890,'33-Macon',806,1760,1761),(891,'33-Morrow',806,1762,1763),(892,'33-Marietta',806,1764,1765),(893,'41-Honolulu',806,1766,1767),(894,'41-Waipahu',806,1768,1769),(895,'41-Honolulu',806,1770,1771),(896,'17-Alton',806,1772,1773),(897,'17-Bloomington',806,1774,1775),(898,'17-Quincy',806,1776,1777),(899,'17-Forsyth',806,1778,1779),(900,'17-O\'Fallon',806,1780,1781),(901,'23-Livermore',806,1782,1783),(902,'33-Columbus',806,1784,1785),(903,'71-Tinley Park',806,1786,1787),(904,'30-Houma',806,1788,1789),(905,'71-Shorewood',806,1790,1791),(906,'34-New Port Richey',806,1792,1793),(907,'15-Kewanee',806,1794,1795),(908,'76-Mount Vernon',806,1796,1797),(909,'26-Kingman',806,1798,1799),(910,'71-Lisle',806,1800,1801),(911,'71-Countryside',806,1802,1803),(912,'10-Wheeling',806,1804,1805),(913,'29-Round Rock',806,1806,1807),(914,'71-Villa Park',806,1808,1809),(915,'17-Peoria',806,1810,1811),(916,'27-Liberal',806,1812,1813),(917,'15-Rockford',806,1814,1815),(918,'15-Rock Falls',806,1816,1817),(919,'6-Mechanicsburg',806,1818,1819),(920,'29-Stafford',806,1820,1821),(921,'17-Springfield',806,1822,1823),(922,'15-Ottawa',806,1824,1825),(923,'12-Urbana',806,1826,1827),(924,'3-East Hartford',806,1828,1829),(925,'16-Rice Lake',806,1830,1831),(926,'28-Corinth',806,1832,1833),(927,'72-Concord',806,1834,1835),(928,'71-Libertyville',806,1836,1837),(929,'13-Gaylord',806,1838,1839),(930,'12-Bloomington',806,1840,1841),(931,'31-Chattanooga',806,1842,1843),(932,'14-Manitowoc',806,1844,1845),(933,'17-Columbia',806,1846,1847),(934,'12-Edinburgh',806,1848,1849),(935,'12-Lafayette',806,1850,1851),(936,'11-Fort Wayne',806,1852,1853),(937,'76-Evansville',806,1854,1855),(938,'11-Fort Wayne',806,1856,1857),(939,'71-Munster',806,1858,1859),(940,'12-Indianapolis',806,1860,1861),(941,'12-Indianapolis',806,1862,1863),(942,'12-Kokomo',806,1864,1865),(943,'20-Meridian',806,1866,1867),(944,'28-Fort Worth',806,1868,1869),(945,'26-Bellemont',806,1870,1871),(946,'30-Meridian',806,1872,1873),(947,'12-Muncie',806,1874,1875),(948,'1-Manchester',806,1876,1877),(949,'11-Richmond',806,1878,1879),(950,'7-Hughesville',806,1880,1881),(951,'12-South Bend',806,1882,1883),(952,'12-Terre Haute',806,1884,1885),(953,'12-Valparaiso',806,1886,1887),(954,'12-Wabash',806,1888,1889),(955,'12-Winamac',806,1890,1891),(956,'15-Madison',806,1892,1893),(957,'13-Clinton Township',806,1894,1895),(958,'20-Billings',806,1896,1897),(959,'17-St. Louis',806,1898,1899),(960,'18-Ames',806,1900,1901),(961,'16-Algona',806,1902,1903),(962,'15-Davenport',806,1904,1905),(963,'17-Burlington',806,1906,1907),(964,'78-Carroll',806,1908,1909),(965,'15-Clinton',806,1910,1911),(966,'8-Morgantown',806,1912,1913),(967,'15-Coralville',806,1914,1915),(968,'15-Cedar Rapids',806,1916,1917),(969,'29-Victoria',806,1918,1919),(970,'7-Prince George',806,1920,1921),(971,'26-Farmington',806,1922,1923),(972,'26-Durango',806,1924,1925),(973,'18-Omaha',806,1926,1927),(974,'24-Santa Maria',806,1928,1929),(975,'29-Boerne',806,1930,1931),(976,'29-The Woodlands',806,1932,1933),(977,'16-Mason City',806,1934,1935),(978,'74-Williamsport',806,1936,1937),(979,'78-Mandan',806,1938,1939),(980,'22-Carson City',806,1940,1941),(981,'17-Ottumwa',806,1942,1943),(982,'20-Idaho Falls',806,1944,1945),(983,'18-Chariton',806,1946,1947),(984,'15-Waukon',806,1948,1949),(985,'7-Harbinger',806,1950,1951),(986,'4-Long Island City',806,1952,1953),(987,'19-Greeley',806,1954,1955),(988,'27-Dodge City',806,1956,1957),(989,'10-Columbus',806,1958,1959),(990,'29-Houston',806,1960,1961),(991,'27-Hays',806,1962,1963),(992,'24-Moorpark',806,1964,1965),(993,'18-Junction City',806,1966,1967),(994,'23-Lathrop',806,1968,1969),(995,'14-Marquette',806,1970,1971),(996,'9-Toledo',806,1972,1973),(997,'32-Durham',806,1974,1975),(998,'1-Merrimack',806,1976,1977),(999,'78-Sioux City',806,1978,1979),(1000,'31-Madison',806,1980,1981),(1001,'27-Salina',806,1982,1983),(1002,'18-Topeka',806,1984,1985),(1003,'9-Dover',806,1986,1987),(1004,'25-Bakersfield',806,1988,1989),(1005,'33-Oxford',806,1990,1991),(1006,'31-Pelham',806,1992,1993),(1007,'11-Louisville',806,1994,1995),(1008,'33-Cartersville',806,1996,1997),(1009,'31-Bowling Green',806,1998,1999),(1010,'12-Effingham',806,2000,2001),(1011,'26-Las Cruces',806,2002,2003),(1012,'77-Sanford',806,2004,2005),(1013,'29-Waco',806,2006,2007),(1014,'30-Alexandria',806,2008,2009),(1015,'20-Twin Falls',806,2010,2011),(1016,'31-Pikeville',806,2012,2013),(1017,'25-Lancaster',806,2014,2015),(1018,'30-Scott',806,2016,2017),(1019,'30-Lake Charles',806,2018,2019),(1020,'1-Augusta',806,2020,2021),(1021,'1-Hermon',806,2022,2023),(1022,'1-Caribou',806,2024,2025),(1023,'3-Groton',806,2026,2027),(1024,'1-Portland',806,2028,2029),(1025,'7-Glen Allen',806,2030,2031),(1026,'26-Apache Junction',806,2032,2033),(1027,'27-Moore',806,2034,2035),(1028,'28-Wichita Falls',806,2036,2037),(1029,'24-Santa Clarita',806,2038,2039),(1030,'31-Maryville',806,2040,2041),(1031,'28-Carrollton',806,2042,2043),(1032,'8-West Mifflin',806,2044,2045),(1033,'34-Port Charlotte',806,2046,2047),(1034,'22-Folsom',806,2048,2049),(1035,'6-Annapolis',806,2050,2051),(1036,'6-Baltimore',806,2052,2053),(1037,'77-Homosassa',806,2054,2055),(1038,'4-Bellmore',806,2056,2057),(1039,'6-Darlington',806,2058,2059),(1040,'6-Frederick',806,2060,2061),(1041,'21-Tigard',806,2062,2063),(1042,'6-Gaithersburg',806,2064,2065),(1043,'14-West Bend',806,2066,2067),(1044,'28-Lawton',806,2068,2069),(1045,'3-Swanzey',806,2070,2071),(1046,'15-Waterloo',806,2072,2073),(1047,'28-Allen',806,2074,2075),(1048,'28-Garland',806,2076,2077),(1049,'3-Leominster',806,2078,2079),(1050,'28-Sherman',806,2080,2081),(1051,'11-Cincinnati',806,2082,2083),(1052,'11-Lexington',806,2084,2085),(1053,'72-Rock Hill',806,2086,2087),(1054,'34-Bradenton',806,2088,2089),(1055,'29-College Station',806,2090,2091),(1056,'9-Medina',806,2092,2093),(1057,'23-Oakland',806,2094,2095),(1058,'77-New Smyrna Beach',806,2096,2097),(1059,'8-Washington',806,2098,2099),(1060,'20-Belgrade',806,2100,2101),(1061,'76-Paducah',806,2102,2103),(1062,'27-Wichita',806,2104,2105),(1063,'78-Jamestown',806,2106,2107),(1064,'28-Lubbock',806,2108,2109),(1065,'2-Plattsburgh',806,2110,2111),(1066,'28-Grand Prairie',806,2112,2113),(1067,'13-Muskegon',806,2114,2115),(1068,'76-Ft. Smith',806,2116,2117),(1069,'29-Pasadena',806,2118,2119),(1070,'1-Lewiston',806,2120,2121),(1071,'29-Laredo',806,2122,2123),(1072,'31-Bristol',806,2124,2125),(1073,'21-Salem',806,2126,2127),(1074,'4-Great Neck',806,2128,2129),(1075,'32-Jacksonville',806,2130,2131),(1076,'14-Rothschild',806,2132,2133),(1077,'29-San Antonio',806,2134,2135),(1078,'26-Albuquerque',806,2136,2137),(1079,'72-Salisbury',806,2138,2139),(1080,'17-Galesburg',806,2140,2141),(1081,'30-Metairie',806,2142,2143),(1082,'2-Pittsfield',806,2144,2145),(1083,'11-Louisville',806,2146,2147),(1084,'31-Columbia',806,2148,2149),(1085,'21-Silverdale',806,2150,2151),(1086,'76-Southaven',806,2152,2153),(1087,'24-Westminster',806,2154,2155),(1088,'30-Bossier City',806,2156,2157),(1089,'72-Elgin',806,2158,2159),(1090,'21-Marysville',806,2160,2161),(1091,'29-New Braunfels',806,2162,2163),(1092,'21-Renton',806,2164,2165),(1093,'29-Harker Heights',806,2166,2167),(1094,'3-Pocasset',806,2168,2169),(1095,'27-Rogers',806,2170,2171),(1096,'74-Painted Post',806,2172,2173),(1097,'19-Glenwood Springs',806,2174,2175),(1098,'10-Pataskala',806,2176,2177),(1099,'29-Austin',806,2178,2179),(1100,'74-Mansfield',806,2180,2181),(1101,'9-Upper Sandusky',806,2182,2183),(1102,'10-Hico',806,2184,2185),(1103,'33-Dalton',806,2186,2187),(1104,'13-Battle Creek',806,2188,2189),(1105,'3-W. Bridgewater',806,2190,2191),(1106,'22-Coos Bay',806,2192,2193),(1107,'77-Clermont',806,2194,2195),(1108,'30-Slidell',806,2196,2197),(1109,'3-Auburn',806,2198,2199),(1110,'12-Sturgis',806,2200,2201),(1111,'71-Palatine',806,2202,2203),(1112,'14-Fond du Lac',806,2204,2205),(1113,'20-Ogden',806,2206,2207),(1114,'10-Williamstown',806,2208,2209),(1115,'3-Southampton',806,2210,2211),(1116,'13-Cement City',806,2212,2213),(1117,'25-Las Vegas',806,2214,2215),(1118,'10-Huntington',806,2216,2217),(1119,'13-Brighton',806,2218,2219),(1120,'78-Gillette',806,2220,2221),(1121,'16-Elk River',806,2222,2223),(1122,'8-Glenshaw',806,2224,2225),(1123,'13-Fremont',806,2226,2227),(1124,'13-Flint',806,2228,2229),(1125,'13-Bay City',806,2230,2231),(1126,'13-Waterford',806,2232,2233),(1127,'18-Des Moines',806,2234,2235),(1128,'31-London',806,2236,2237),(1129,'13-Portage',806,2238,2239),(1130,'13-Dimondale',806,2240,2241),(1131,'13-Lapeer',806,2242,2243),(1132,'74-Erie',806,2244,2245),(1133,'13-Mt. Pleasant',806,2246,2247),(1134,'76-Marion',806,2248,2249),(1135,'13-Taylor',806,2250,2251),(1136,'13-Traverse City',806,2252,2253),(1137,'13-Farmington Hills',806,2254,2255),(1138,'13-West Branch',806,2256,2257),(1139,'72-Augusta',806,2258,2259),(1140,'16-Albert Lea',806,2260,2261),(1141,'16-Delano',806,2262,2263),(1142,'77-Tifton',806,2264,2265),(1143,'16-Eveleth',806,2266,2267),(1144,'16-Duluth',806,2268,2269),(1145,'16-Faribault',806,2270,2271),(1146,'16-Mankato',806,2272,2273),(1147,'22-Vacaville',806,2274,2275),(1148,'16-Eden Prairie',806,2276,2277),(1149,'1-Essex Junction',806,2278,2279),(1150,'78-Alexandria',806,2280,2281),(1151,'16-Rochester',806,2282,2283),(1152,'16-Blaine',806,2284,2285),(1153,'16-Lakeville',806,2286,2287),(1154,'16-St. Paul',806,2288,2289),(1155,'20-Spokane Valley',806,2290,2291),(1156,'30-Biloxi',806,2292,2293),(1157,'1-Lebanon',806,2294,2295),(1158,'2-Wurtsboro',806,2296,2297),(1159,'2-Broadalbin',806,2298,2299),(1160,'30-Jackson',806,2300,2301),(1161,'29-San Antonio',806,2302,2303),(1162,'33-Newnan',806,2304,2305),(1163,'5-New Castle',806,2306,2307),(1164,'32-Danville',806,2308,2309),(1165,'3-Dartmouth',806,2310,2311),(1166,'17-Saint Charles',806,2312,2313),(1167,'1-Meredith',806,2314,2315),(1168,'18-Grandview',806,2316,2317),(1169,'18-Blue Springs',806,2318,2319),(1170,'76-Little Rock',806,2320,2321),(1171,'17-Festus',806,2322,2323),(1172,'18-Kansas City',806,2324,2325),(1173,'14-Milwaukee',806,2326,2327),(1174,'17-Kirkwood',806,2328,2329),(1175,'27-Lebanon',806,2330,2331),(1176,'15-Dubuque',806,2332,2333),(1177,'18-St. Joseph',806,2334,2335),(1178,'18-Sedalia',806,2336,2337),(1179,'27-Springfield',806,2338,2339),(1180,'32-Winston Salem',806,2340,2341),(1181,'17-Villa Ridge',806,2342,2343),(1182,'20-Great Falls',806,2344,2345),(1183,'3-Bristol',806,2346,2347),(1184,'18-Columbus',806,2348,2349),(1185,'18-Grand Island',806,2350,2351),(1186,'72-Savannah',806,2352,2353),(1187,'41-Kailua Kona',806,2354,2355),(1188,'18-Lincoln',806,2356,2357),(1189,'11-Xenia',806,2358,2359),(1190,'20-Lindon',806,2360,2361),(1191,'18-North Platte',806,2362,2363),(1192,'11-Mason',806,2364,2365),(1193,'18-Omaha',806,2366,2367),(1194,'31-Franklin',806,2368,2369),(1195,'22-Reno',806,2370,2371),(1196,'32-Wilkesboro',806,2372,2373),(1197,'25-Las Vegas',806,2374,2375),(1198,'26-Santa Fe',806,2376,2377),(1199,'1-Concord',806,2378,2379),(1200,'9-Sandusky',806,2380,2381),(1201,'18-Olathe',806,2382,2383),(1202,'23-San Jose',806,2384,2385),(1203,'41-Lihue',806,2386,2387),(1204,'1-North Hampton',806,2388,2389),(1205,'20-Butte',806,2390,2391),(1206,'27-Tulsa',806,2392,2393),(1207,'25-Henderson',806,2394,2395),(1208,'15-Mauston',806,2396,2397),(1209,'4-Lebanon',806,2398,2399),(1210,'32-Winterville',806,2400,2401),(1211,'34-Palm Bay',806,2402,2403),(1212,'20-Kennewick',806,2404,2405),(1213,'4-Hope',806,2406,2407),(1214,'5-Lakewood',806,2408,2409),(1215,'5-Galloway',806,2410,2411),(1216,'12-Marion',806,2412,2413),(1217,'76-Texarkana',806,2414,2415),(1218,'1-Everett',806,2416,2417),(1219,'76-Scott City',806,2418,2419),(1220,'71-St. Charles',806,2420,2421),(1221,'11-Dayton',806,2422,2423),(1222,'22-Bend',806,2424,2425),(1223,'4-Parryville',806,2426,2427),(1224,'72-Swannanoa',806,2428,2429),(1225,'4-Kinnelon',806,2430,2431),(1226,'5-Rahway',806,2432,2433),(1227,'29-McAllen',806,2434,2435),(1228,'4-Rochelle Park',806,2436,2437),(1229,'6-Laurel',806,2438,2439),(1230,'5-W. Collingswood Hts',806,2440,2441),(1231,'5-Long Branch',806,2442,2443),(1232,'28-Clovis',806,2444,2445),(1233,'28-Roswell',806,2446,2447),(1234,'7-Staunton',806,2448,2449),(1235,'16-Sauk Rapids',806,2450,2451),(1236,'2-Adams Center',806,2452,2453),(1237,'74-Arkport',806,2454,2455),(1238,'74-Batavia',806,2456,2457),(1239,'2-Binghamton',806,2458,2459),(1240,'26-Scottsdale',806,2460,2461),(1241,'74-Amherst',806,2462,2463),(1242,'19-Cheyenne',806,2464,2465),(1243,'32-Burlington',806,2466,2467),(1244,'21-Lynnwood',806,2468,2469),(1245,'13-Hudsonville',806,2470,2471),(1246,'9-Cuyahoga Falls',806,2472,2473),(1247,'4-Riverhead',806,2474,2475),(1248,'4-New Rochelle',806,2476,2477),(1249,'33-Conyers',806,2478,2479),(1250,'1-North Billerica',806,2480,2481),(1251,'19-Lakewood',806,2482,2483),(1252,'71-Glenview',806,2484,2485),(1253,'72-Hickory',806,2486,2487),(1254,'20-Missoula',806,2488,2489),(1255,'25-El Cajon',806,2490,2491),(1256,'18-Pacific Junction',806,2492,2493),(1257,'74-Geneva',806,2494,2495),(1258,'2-Fort Ann',806,2496,2497),(1259,'71-DeKalb',806,2498,2499),(1260,'31-Tuscumbia',806,2500,2501),(1261,'74-Gowanda',806,2502,2503),(1262,'71-Woodstock',806,2504,2505),(1263,'2-Kingston',806,2506,2507),(1264,'19-Pueblo',806,2508,2509),(1265,'12-Elkhart',806,2510,2511),(1266,'74-Falconer',806,2512,2513),(1267,'22-Eugene',806,2514,2515),(1268,'13-Birch Run',806,2516,2517),(1269,'14-Oconomowoc',806,2518,2519),(1270,'23-Salinas',806,2520,2521),(1271,'71-Manteno',806,2522,2523),(1272,'78-Minot',806,2524,2525),(1273,'9-Napoleon',806,2526,2527),(1274,'74-Macedon',806,2528,2529),(1275,'37-Woodbury',806,2530,2531),(1276,'2-New Windsor',806,2532,2533),(1277,'2-Cayuta',806,2534,2535),(1278,'30-Baton Rouge',806,2536,2537),(1279,'4-Stroudsburg',806,2538,2539),(1280,'27-Joplin',806,2540,2541),(1281,'14-Arbor Vitae',806,2542,2543),(1282,'34-Sunrise',806,2544,2545),(1283,'33-Panama City Beach',806,2546,2547),(1284,'74-Rochester',806,2548,2549),(1285,'2-Albany',806,2550,2551),(1286,'4-Staten Island',806,2552,2553),(1287,'2-Syracuse',806,2554,2555),(1288,'2-Troy',806,2556,2557),(1289,'2-New York Mills',806,2558,2559),(1290,'74-North Tonawanda',806,2560,2561),(1291,'4-Oakdale',806,2562,2563),(1292,'32-Asheboro',806,2564,2565),(1293,'72-Matthews',806,2566,2567),(1294,'32-Fayetteville',806,2568,2569),(1295,'32-Goldsboro',806,2570,2571),(1296,'32-Greensboro',806,2572,2573),(1297,'32-New Bern',806,2574,2575),(1298,'32-Raleigh',806,2576,2577),(1299,'32-Roanoke Rapids',806,2578,2579),(1300,'32-Pinehurst',806,2580,2581),(1301,'72-Statesville',806,2582,2583),(1302,'32-Rocky Mount',806,2584,2585),(1303,'32-Wilmington',806,2586,2587),(1304,'78-West Fargo',806,2588,2589),(1305,'78-Grand Forks',806,2590,2591),(1306,'11-Piqua',806,2592,2593),(1307,'10-Athens',806,2594,2595),(1308,'10-Chillicothe',806,2596,2597),(1309,'11-Cincinnati',806,2598,2599),(1310,'9-Cleveland',806,2600,2601),(1311,'9-Bedford Heights',806,2602,2603),(1312,'9-Avon',806,2604,2605),(1313,'11-Fairfield',806,2606,2607),(1314,'10-Bidwell',806,2608,2609),(1315,'9-Perrysburg',806,2610,2611),(1316,'10-Carroll',806,2612,2613),(1317,'11-Lima',806,2614,2615),(1318,'9-Mansfield',806,2616,2617),(1319,'9-Mantua',806,2618,2619),(1320,'9-North Canton',806,2620,2621),(1321,'11-Mendon',806,2622,2623),(1322,'9-Mentor',806,2624,2625),(1323,'11-Ottawa',806,2626,2627),(1324,'10-Springfield',806,2628,2629),(1325,'10-Zanesville',806,2630,2631),(1326,'8-Wintersville',806,2632,2633),(1327,'9-Cortland',806,2634,2635),(1328,'10-Plain City',806,2636,2637),(1329,'9-Youngstown',806,2638,2639),(1330,'27-Bartlesville',806,2640,2641),(1331,'27-Oklahoma City',806,2642,2643),(1332,'27-Stillwater',806,2644,2645),(1333,'27-Tulsa',806,2646,2647),(1334,'22-Medford',806,2648,2649),(1335,'21-Gladstone',806,2650,2651),(1336,'8-Duncansville',806,2652,2653),(1337,'8-Beaver Falls',806,2654,2655),(1338,'8-Somerset',806,2656,2657),(1339,'74-Bloomsburg',806,2658,2659),(1340,'6-Chambersburg',806,2660,2661),(1341,'8-Conneaut Lake',806,2662,2663),(1342,'5-Chester Springs',806,2664,2665),(1343,'8-Du Bois',806,2666,2667),(1344,'5-Langhorne',806,2668,2669),(1345,'74-Galeton',806,2670,2671),(1346,'6-Gettysburg',806,2672,2673),(1347,'6-Harrisburg',806,2674,2675),(1348,'2-Honesdale',806,2676,2677),(1349,'8-Johnstown',806,2678,2679),(1350,'6-Willow Street',806,2680,2681),(1351,'8-Greensburg',806,2682,2683),(1352,'6-Lebanon',806,2684,2685),(1353,'5-Media',806,2686,2687),(1354,'8-New Castle',806,2688,2689),(1355,'5-Norristown',806,2690,2691),(1356,'4-Orwigsburg',806,2692,2693),(1357,'74-Centre Hall',806,2694,2695),(1358,'2-Scranton',806,2696,2697),(1359,'9-Sharon',806,2698,2699),(1360,'4-Leesport',806,2700,2701),(1361,'5-Sellersville',806,2702,2703),(1362,'8-Tarentum',806,2704,2705),(1363,'6-York',806,2706,2707),(1364,'3-Pawtucket',806,2708,2709),(1365,'3-Warwick',806,2710,2711),(1366,'72-Florence',806,2712,2713),(1367,'72-Anderson',806,2714,2715),(1368,'72-Irmo',806,2716,2717),(1369,'72-Charleston',806,2718,2719),(1370,'72-Greenville',806,2720,2721),(1371,'72-Myrtle Beach',806,2722,2723),(1372,'72-Spartanburg',806,2724,2725),(1373,'78-Pierre',806,2726,2727),(1374,'78-Rapid City',806,2728,2729),(1375,'78-Sioux Falls',806,2730,2731),(1376,'31-Clarksville',806,2732,2733),(1377,'76-Jackson',806,2734,2735),(1378,'31-Johnson City',806,2736,2737),(1379,'31-Knoxville',806,2738,2739),(1380,'76-Memphis',806,2740,2741),(1381,'31-Morristown',806,2742,2743),(1382,'31-Nashville',806,2744,2745),(1383,'31-Murfreesboro',806,2746,2747),(1384,'76-Union City',806,2748,2749),(1385,'28-Abilene',806,2750,2751),(1386,'28-Bedford',806,2752,2753),(1387,'27-Amarillo',806,2754,2755),(1388,'29-Angleton',806,2756,2757),(1389,'30-Beaumont',806,2758,2759),(1390,'28-Big Spring',806,2760,2761),(1391,'29-Kingwood',806,2762,2763),(1392,'29-Corpus Christi',806,2764,2765),(1393,'26-El Paso',806,2766,2767),(1394,'29-Houston',806,2768,2769),(1395,'29-Houston',806,2770,2771),(1396,'30-Longview',806,2772,2773),(1397,'28-Odessa',806,2774,2775),(1398,'76-Paris',806,2776,2777),(1399,'30-Tyler',806,2778,2779),(1400,'20-Salt Lake City',806,2780,2781),(1401,'19-Vernal',806,2782,2783),(1402,'1-Barre',806,2784,2785),(1403,'7-Dumfries',806,2786,2787),(1404,'7-Fairfax',806,2788,2789),(1405,'7-Lynchburg',806,2790,2791),(1406,'7-Manassas',806,2792,2793),(1407,'7-Yorktown',806,2794,2795),(1408,'7-Orange',806,2796,2797),(1409,'7-Portsmouth',806,2798,2799),(1410,'7-Roanoke',806,2800,2801),(1411,'7-Virginia Beach',806,2802,2803),(1412,'7-Winchester',806,2804,2805),(1413,'21-Burlington',806,2806,2807),(1414,'21-Fife',806,2808,2809),(1415,'21-Lacey',806,2810,2811),(1416,'21-Bellevue',806,2812,2813),(1417,'21-Vancouver',806,2814,2815),(1418,'20-Yakima',806,2816,2817),(1419,'10-Bluefield',806,2818,2819),(1420,'10-South Charleston',806,2820,2821),(1421,'10-Delbarton',806,2822,2823),(1422,'8-Nutter Fort',806,2824,2825),(1423,'14-Appleton',806,2826,2827),(1424,'14-Beaver Dam',806,2828,2829),(1425,'14-Black River Falls',806,2830,2831),(1426,'14-Chippewa Falls',806,2832,2833),(1427,'15-Janesville',806,2834,2835),(1428,'14-Thiensville',806,2836,2837),(1429,'71-Kenosha',806,2838,2839),(1430,'15-Onalaska',806,2840,2841),(1431,'14-Greenfield',806,2842,2843),(1432,'14-New Berlin',806,2844,2845),(1433,'16-New Richmond',806,2846,2847),(1434,'14-Green Bay',806,2848,2849),(1435,'71-Racine',806,2850,2851),(1436,'15-Sauk City',806,2852,2853),(1437,'14-Bonduel',806,2854,2855),(1438,'14-Sheboygan',806,2856,2857),(1439,'78-Casper',806,2858,2859),(1440,'19-Green River',806,2860,2861),(1441,'Virgin Islands (USA)',730,2863,2866),(1442,'42-St. Thomas',1441,2864,2865);
/*!40000 ALTER TABLE `groups` ENABLE KEYS */;
UNLOCK TABLES;

--
-- Table structure for table `helps`
--

DROP TABLE IF EXISTS `helps`;
/*!40101 SET @saved_cs_client     = @@character_set_client */;
/*!40101 SET character_set_client = utf8 */;
CREATE TABLE `helps` (
  `id` int(10) NOT NULL AUTO_INCREMENT,
  `question` varchar(255) DEFAULT NULL,
  `answer` varchar(255) DEFAULT NULL,
  PRIMARY KEY (`id`)
) ENGINE=InnoDB DEFAULT CHARSET=latin1;
/*!40101 SET character_set_client = @saved_cs_client */;

--
-- Dumping data for table `helps`
--

LOCK TABLES `helps` WRITE;
/*!40000 ALTER TABLE `helps` DISABLE KEYS */;
/*!40000 ALTER TABLE `helps` ENABLE KEYS */;
UNLOCK TABLES;

--
-- Table structure for table `profiles`
--

DROP TABLE IF EXISTS `profiles`;
/*!40101 SET @saved_cs_client     = @@character_set_client */;
/*!40101 SET character_set_client = utf8 */;
CREATE TABLE `profiles` (
  `id` int(3) NOT NULL AUTO_INCREMENT,
  `user_id` int(3) DEFAULT NULL,
  `name` varchar(255) DEFAULT NULL,
  `audit_type` varchar(255) DEFAULT NULL,
  `dealer` int(10) DEFAULT NULL,
  `email` varchar(255) DEFAULT NULL,
  `lang` varchar(255) DEFAULT NULL,
  `company` varchar(255) DEFAULT NULL,
  `note` text,
  `phone` varchar(30) DEFAULT NULL,
  PRIMARY KEY (`id`)
) ENGINE=InnoDB AUTO_INCREMENT=525 DEFAULT CHARSET=latin1;
/*!40101 SET character_set_client = @saved_cs_client */;

--
-- Dumping data for table `profiles`
--

LOCK TABLES `profiles` WRITE;
/*!40000 ALTER TABLE `profiles` DISABLE KEYS */;
INSERT INTO `profiles` VALUES (118,118,'admin','0',0,'admin','spanish','admin','',NULL),(260,0,'undefined','',0,'undefined','undefined','undefined','undefined',NULL),(261,0,'undefined','',0,'undefined','undefined','undefined','undefined',NULL),(262,0,'undefined','',0,'undefined','undefined','undefined','undefined',NULL),(263,0,'undefined','',0,'undefined','undefined','undefined','undefined',NULL),(264,0,'undefined','',0,'undefined','undefined','undefined','undefined',NULL),(265,0,'undefined','',0,'undefined','undefined','undefined','undefined',NULL),(266,0,'undefined','',0,'undefined','undefined','undefined','undefined',NULL),(267,0,'undefined','',0,'undefined','undefined','undefined','undefined',NULL),(268,0,'undefined','',0,'undefined','undefined','undefined','undefined',NULL),(269,0,'undefined','',0,'undefined','undefined','undefined','undefined',NULL),(270,0,'undefined','',0,'undefined','undefined','undefined','undefined',NULL),(271,0,'undefined','',0,'undefined','undefined','undefined','undefined',NULL),(272,0,'undefined','',0,'undefined','undefined','undefined','undefined',NULL),(273,0,'undefined','',0,'undefined','undefined','undefined','undefined',NULL),(274,0,'undefined','',0,'undefined','undefined','undefined','undefined',NULL),(275,0,'undefined','',0,'undefined','undefined','undefined','undefined',NULL),(276,0,'undefined','',0,'undefined','undefined','undefined','undefined',NULL),(277,0,'undefined','',0,'undefined','undefined','undefined','undefined',NULL),(278,0,'undefined','',0,'undefined','undefined','undefined','undefined',NULL),(279,0,'undefined','',0,'undefined','undefined','undefined','undefined',NULL),(280,0,'undefined','',0,'undefined','undefined','undefined','undefined',NULL),(281,0,'undefined','',0,'undefined','undefined','undefined','undefined',NULL),(282,0,'undefined','',0,'undefined','undefined','undefined','undefined',NULL),(283,0,'undefined','',0,'undefined','undefined','undefined','undefined',NULL),(285,0,'undefined','1',0,'undefined','undefined','undefined','undefined',NULL),(286,0,'undefined','1',0,'undefined','undefined','undefined','undefined',NULL),(287,0,'undefined','1',0,'undefined','undefined','undefined','undefined',NULL),(288,0,'undefined','1',0,'undefined','undefined','undefined','undefined',NULL),(299,0,'undefined','1',0,'undefined','undefined','undefined','undefined',NULL),(300,0,'undefined','1',0,'undefined','undefined','undefined','undefined',NULL),(301,0,'undefined','1',0,'undefined','undefined','undefined','undefined',NULL),(302,0,'undefined','',0,'undefined','undefined','undefined','undefined',NULL),(303,0,'undefined','',0,'undefined','undefined','undefined','undefined',NULL),(304,0,'undefined','',0,'undefined','undefined','undefined','undefined',NULL),(305,0,'undefined','',0,'undefined','undefined','undefined','undefined',NULL),(306,0,'undefined','',0,'undefined','undefined','undefined','undefined',NULL),(307,0,'undefined','',0,'undefined','undefined','undefined','undefined',NULL),(311,0,'undefined','1',0,'undefined','undefined','undefined','undefined',NULL),(312,0,'undefined','1',0,'undefined','undefined','undefined','undefined',NULL),(315,339,'raquel','',0,'rzaldivar@thearistacompany.com','spanish','harley espaÃ±a','Spain - 68-ZARAGOZA / ',NULL),(317,341,'Florencia','',0,'silveyraflor@gmail.com','spanish','Arista','LATAM - Argentina / ',NULL),(321,0,'undefined','1',0,'undefined','undefined','undefined','undefined',NULL),(322,0,'undefined','1',0,'undefined','undefined','undefined','undefined',NULL),(323,0,'undefined','1',0,'undefined','undefined','undefined','undefined',NULL),(324,0,'undefined','2',0,'undefined','undefined','undefined','undefined',NULL),(325,0,'undefined','1',0,'undefined','undefined','undefined','undefined',NULL),(326,0,'undefined','1',0,'undefined','undefined','undefined','undefined',NULL),(327,0,'undefined','1',0,'undefined','undefined','undefined','undefined',NULL),(328,0,'undefined','1',0,'undefined','undefined','undefined','undefined',NULL),(329,353,'Florencia Silveyra','1,2,3',11,'f.silveyra@live.com.ar','spanish','Arista','Europa EMEA - Spain / ',NULL),(330,0,'undefined','1',0,'undefined','undefined','undefined','undefined',NULL),(331,0,'undefined','1',0,'undefined','undefined','undefined','undefined',NULL),(332,356,'Ãlvaro','',0,'amiguel@thearistacompany.com','spanish','Arista','Global - Europa EMEA / ',NULL),(333,357,'Alvaro','2',0,'amiguel@thearistacompany.com','spanish','Arista','Global - LATAM / ',NULL),(334,358,'IÃ±aki','',0,'ignacio.isusi@harley-davidson.com','spanish','Harley Davidson','Global - LATAM / ',NULL),(335,359,'Carlos Berdon','',0,'carlos.berdon@harley-davidson.com','spanish','Harley-Davidson Mexico','Brazil - 81-Curitiba / Brazil - 81-Goiania / Brazil - 81-Campinas / Brazil - 81-Porto Alegre / Brazil - 81-Rio De Janeiro / Brazil - 81-Sao Paulo / Brazil - 81-Brasilia / Brazil - 81-Florianopolis / Brazil - 81-Campo Grande / Brazil - 81-Ribeirao Preto / Brazil - 81-Fortaleza / Brazil - 81-Recife / Brazil - 81-Belo Horizonte / Jamaica - 42-Montego Bay / Jamaica - 42-Ocho Rios / Jamaica - 42-Montego Bay / Jamaica - 42-Negril / Jamaica - 42-Falmouth / Mexico - 82-Naucalpan / Mexico - 82-Zapopan / Mexico - 82-Cancun / Mexico - 82-Cabo San Lucas / Mexico - 82-Cancun / Mexico - 82-MÃ©rida / Mexico - 82-Monterrey / Mexico - 82-Ocoyoacac / Mexico - 82-QuerÃ©taro / Mexico - 82-Cuernavaca / Mexico - 82-TorreÃ³n / Mexico - 82-San Luis Potosi / Mexico - 82-Mexico City / Mexico - 82-Mexico City / Mexico - 82-LeÃ³n / Mexico - 82-Cancun / Mexico - 82-MÃ©xico / Mexico - 82-Monterrey / Mexico - 82-Cabo San Lucas / ',NULL),(336,360,'Ignacio Isusi','',0,'ignacio.isusi@harley-davidson.com','spanish','Harley-Davidson Latin America','Belgium - 68-Izel-Chiny / Belgium - 68-Hannut / Belgium - 68-Genk / Belgium - 68-Geel / Belgium - 68-Mons-Cuesmes / Belgium - 68-St Martens-Latem / Belgium - 68-Dilbeek / Belgium - 52-Houthalen-Helchteren / Belgium - 68-Roeselare / Belgium - 68-Zwijndrecht / Czech Republic - 52-Brno / Czech Republic - 52-Prague 5 / Czech Republic - 52-Ostrava / Czech Republic - 52-PlzeÅˆ / Denmark - 52-Rodding / Finland - 67-Hyllykallio / Finland - 67-Kuopio / Finland - 67-Oulu / Finland - 67-Turku / Finland - 67-LapinjÃ¤rvi / Finland - 67-Vantaa / Finland - 67-Kuopio / Finland - 67-Oulu / Finland - 67-Hyllykallio / Finland - 67-Lempaala / Finland - 67-Loimaa / Finland - 67-Hyllykallio / Finland - 67-LempÃ¤Ã¤lÃ¤ / Finland - 67-Vantaa / Finland - 67-Turku / Finland - 67-Kuopio / Finland - 67-LapinjÃ¤rvi / Finland - 67-Oulu / France - 62-BESANCON / France - 62-SAINT JEAN DU CARDONNAY / France - 62-Saint Germain / France - 62-OLIVET / France - 63-BEZIERS / France - 68-PARIS / France - 62-IFS / France - 62-CARQUEIRANNE / France - 62-Rochefort du Gard / France - 62-CHAMBOURCY / France - 62-SEYNOD / France - 62-VILLIERS SUR MARNE / France - 62-LAGORD LA ROCHELLE / France - 62-SAINT HERBLAIN / France - 63-SAINT JEAN DE VEDAS / France - 63-CEBAZAT / France - 63-TOULOUSE / France - 62-MOULINS LES METZ / France - 62-PARIS / France - 62-PARIS / France - 62-Ergue-Gaberic / France - 62-NICE / France - 63-MARSEILLE / France - 63-Roquebrune sur Argens / France - 62-POITIERS / France - 63-FEGERSHEIM / France - 62-SEVREY / France - 62-DIJON / France - 62-SAUSHEIM / France - 62-ORMES / France - 63-FONTAINE / France - 63-ST MARCEL LES VALENCE / France - 62-SAINT MAXIMIN Cedex / France - 63-LIMOGES / France - 62-SAINT CLOUD / France - 52-Dardilly / France - 62-BALLAINVILLIERS / France - 62-BEGLES / France - 62-LA MEZIERE / France - 63-Brignais / France - 63-BAYONNE / France - 62-LE MANS / France - 62-BAILLET EN FRANCE / France - 62-Saint Leonard / France - 63-PERPIGNAN / France - 62-PLOEREN / France - 63-Salon-de-Provence / Germany - 60-Muenchen / Germany - 59-Aachen / Germany - 64-Potsdam / Germany - 64-Tanna / Germany - 64-Erfurt / Germany - 60-Erbach-Ringingen / Germany - 64-Unterhaid / Germany - 59-Bonn / Germany - 64-Salzmuende/ Salzatal / Germany - 64-Osnabrueck / Germany - 64-Luebeck / Germany - 59-Frankfurt / Germany - 64-Fulda / Germany - 64-Hamburg / Germany - 59-Bochum / Germany - 59-Koblenz / Germany - 64-Schwerin / Germany - 64-Rostock / Germany - 59-Korntal-Muenchingen / Germany - 59-Weil/Haltingen / Germany - 60-Niederreisbach / Germany - 64-Breitenfelde / Germany - 59-Hagen-Haspe / Germany - 64-Kiel / Germany - 59-Tuttlingen (Nendingen) / Germany - 59-Bruchmuehlbach / Germany - 64-Braunschweig / Germany - 59-Wetzlar-Dutenhofen / Germany - 59-Koeln / Germany - 60-Gelting /Geretsried / Germany - 60-Staudach / Wangen i.A. / Germany - 59-Konz / Germany - 59-Schaafheim / Germany - 59-Ludwigshafen-Ruchheim / Germany - 64-Bremen / Germany - 64-Muenster / Germany - 59-Hannover / Germany - 64-Berlin / Germany - 64-Magdeburg / Germany - 64-Bielefeld / Germany - 59-Remscheid / Germany - 59-Hanau / Germany - 64-Augustfehn / Germany - 60-Augsburg / Germany - 60-Regensburg / Germany - 64-Leipzig-Eutritzsch / Germany - 59-Hamminkeln / Germany - 64-Marktredwitz / Germany - 59-Hettstadt / Germany - 64-Radebeul / Germany - 59-Kamen-Heeren / Germany - 64-KÃ¶nigs Wusterhausen / Germany - 59-Wiesbaden / Germany - 60-MÃ¼nchen / Germany - 60-Baden-Baden / Germany - 59-Bensheim / Germany - 59-Saarbruecken / Germany - 59-Baunatal / Germany - 60-Hochdorf / Germany - 59-Chemnitz / Hungary - 52-Nyiregyhaza / India - 83-New Delhi / India - 83-Hyderabad / India - 83-Mumbai / India - 83-Gujrat / India - 83-Kolkata / India - 83-Chandigarh / India - 83-Kochi / India - 83-Chennai / Ireland, Republic Of - 51-Dublin / Italy - 68-SESTRI LEVANTE / Italy - 68-LIVORNO / Italy - 68-NICHELINO / Italy - 68-TORINO / Italy - 68-NAPOLI / Italy - 68-MILANO / Italy - 68-CATANZARO / Italy - 68-VITERBO / Italy - 68-NAPOLI / Italy - 68-MODUGNO / Italy - 68-BOLOGNA / Italy - 68-PADOVA / Italy - 68-VADO LIGURE / Italy - 68-MONTEGRANARO / Italy - 68-RONCOFERRARO / Italy - 68-CORREGGIO / Italy - 68-CAGLIARI / Italy - 68-CASTIGLIONE FALLETTO / Italy - 68-ACIREALE / Italy - 68-VARESE / Italy - 68-ROMA / Italy - 68-RAVENNA / Italy - 68-CONCOREZZO / Italy - 68-PAVIA / Italy - 68-FIRENZE / Italy - 68-MONTESILVANO / Italy - 68-PALERMO / Italy - 68-MILANO / Italy - 68-SAN PAOLO D\'ARGON / Italy - 68-LEGNANO / Italy - 68-CAPANNORI / Italy - 68-GENOVA / Italy - 68-BRESCIA / Italy - 68-TAVERNE DI CORCIANO / Italy - 68-ROMA / Italy - 68-FROSINONE / Italy - 68-BOLZANO / Italy - 68-TREVISO / Italy - 68-STRADELLA DI COLLECCHIO / Italy - 68-BASSANO DEL GRAPPA / Italy - 68-SOMMACAMPAGNA / Italy - 68-SALERNO / Italy - 68-JESI / Italy - 68-CREAZZO / Italy - 68-BAIANO / Netherlands - 68-Den Haag / Netherlands - 68-Vroomshoop / Netherlands - 68-Amersfoort / Netherlands - 68-Breda / Netherlands - 68-Alkmaar / Netherlands - 68-Goes / Netherlands - 68-Kerkrade / Netherlands - 68-Heteren / Netherlands - 68-Veghel / Netherlands - 68-Amsterdam / Netherlands - 68-Nieuwerkerk a/d IJssel / Norway - 67-Stavanger / Norway - 67-OSLO / Norway - 67-Sandefjord / Norway - 67-Sarpsborg / Norway - 67-Alesund / Norway - 67-Tromso / Norway - 67-Trondheim / Norway - 67-Ballangen / Poland - 52-Katowice / Poland - 52-Gdansk / Poland - 52-Poznan Wielkopolskie / Poland - 52-Wroclaw / Poland - 52-KrakÃ³w / Poland - 52-Lodz / Portugal - 68-Portugal / Portugal - 68-Lisboa / Russia - 52-St. Petersburg / Russia - 52-Krasnodar / Russia - 52-Ekaterinburg / Russia - 52-Irkutsk / Saudi Arabia - 66-Riyadh / Saudi Arabia - 66-Dammam / Saudi Arabia - 66-Jubail / Slovakia - 52-Presov / South Africa - 66-Cape Town / South Africa - 66-Sandton / South Africa - 66-Roodepoort / South Africa - 66-Durban / South Africa - 66-Hughes, Boksburg / South Africa - 66-Pretoria / South Africa - 66-Nelspruit / South Africa - 66-Cape Town / South Africa - 66-Pretoria / Spain - 68-REUS (TARRAGONA) / Spain - 68-ZARAGOZA / Spain - 68-SEVILLA / Spain - 68-VIGO (PONTEVEDRA) / Spain - 68-PUERTO DE SANTA MARIA / Spain - 68-ALMERÃA / Spain - 68-VALENCIA / Spain - 68-Palma De Mallorca / Spain - 68-CASTELLÃ“N / Spain - 68-ASTILLERO (CANTABRIA) / Spain - 68-LAS PALMAS / Spain - 68-MELILLA / Spain - 68-BILLABONA (GUIPUZKOA) / Spain - 68-MADRID / Spain - 68-SANTA CRUZ DE TENERIFE / Spain - 68-LLEIDA / Spain - 68-Madrid / Spain - 68-COLLOTO-SIERO / Spain - 68-BASAURI / VIZCAYA / Spain - 68-PERILLO / Spain - 68-MatarÃ³ / Spain - 68-MÃ©rida / Spain - 68-MARACENA / Spain - 68-Barcelona / Spain - 68-MÃºrcia / Spain - 68-BARCELONA / Spain - 68-Massanasa (Valencia) / Spain - 68-Alicante / Spain - 68-MÃLAGA / Sweden - 68-Norrkoping / Sweden - 68-Karlstad / Sweden - 68-Linkoping / Sweden - 68-Malmo / Sweden - 68-Vaxjo / Sweden - 68-Avesta / Sweden - 68-Stockholm / Sweden - 68-Molndal / Sweden - 68-Jarvso / Sweden - 68-Taby / Sweden - 68-Kumla / Sweden - 68-Molndal / Sweden - 68-SÃ¤tra / Sweden - 68-Gagnef / Sweden - 68-Stockholm / Sweden - 67-Are / Sweden - 67-SWEDEN / Sweden - 68-Eskilstuna / Sweden - 68-Trollhattan / Sweden - 68-SUNDSVALL / Sweden - 66-Jonkoping / Sweden - 66-JÃ¤rvsÃ¶ / Sweden - 66-UmeÃ¥ / Sweden - 66-Sundsvall / Sweden - 66-LuleÃ¥ / Sweden - 66-Kumla / Sweden - 66-Avesta / Sweden - 66-MÃ¶lndal / Sweden - 66-TrollhÃ¤ttan / Sweden - 66-Karlstad / Sweden - 66-LinkÃ¶ping / Sweden - 66-Stockholm / Sweden - 66-Helsingborg / Sweden - 66-VÃ¤xjÃ¶ / Sweden - 66-NorrkÃ¶ping / Sweden - 66-TÃ¤by / Switzerland - 69-Hessigkofen / Switzerland - 69-Dietikon / Switzerland - 69-HÃ¼nenberg / Switzerland - 69-Ostermundigen / Switzerland - 69-Moenchaltorf / Switzerland - 69-Le Lignon-GenÃ¨ve / Switzerland - 69-Morges / Switzerland - 69-Marly / Switzerland - 69-Densbueren / Switzerland - 69-Weinfelden / Switzerland - 69-Au / Switzerland - 69-Cortaillod / Switzerland - 69-Lamone / Switzerland - 69-Aesch / Switzerland - 69-Steffisburg / Switzerland - 69-Maienfeld / Switzerland - 69-ZÃ¼rich / Switzerland - 69-Raron / Turkey - 67-Izmir / Turkey - 67-ISTANBUL / Turkey - 67-Ankara / Turkey - 67-ANTALYA / United Arab Emirates - 66-Abu Dhabi / United Arab Emirates - 52-Dubai / United Kingdom - 51-Bristol / United Kingdom - 51-London / United Kingdom - 51-UPPINGHAM / United Kingdom - 51-NR LEWES / United Kingdom - 51-Wolverhampton / United Kingdom - 51-London / United Kingdom - 51-Jersey / United Kingdom - 51-Bridgwater / United Kingdom - 51-Birmingham / United Kingdom - 51-GLASGOW / United Kingdom - 51-Newmarket / United Kingdom - 51-Oxford / United Kingdom - 51-Nottingham / United Kingdom - 51-Edinburgh / United Kingdom - 51-Chester / United Kingdom - 51-Abingdon / United Kingdom - 51-Preston / United Kingdom - 51-Norwich / United Kingdom - 51-Cheltenham / United Kingdom - 51-Lincoln / United Kingdom - 51-Guildford / United Kingdom - 51-Plymouth / United Kingdom - 51-Newcastle Upon Tyne / United Kingdom - 51-West Thurrock / United Kingdom - 51-Southampton / United Kingdom - 51-Aylesford / United Kingdom - 51-Stoke-On-Trent / United Kingdom - 51-Leeds / United Kingdom - 51-Belfast / United Kingdom - 51-Camberley / Brazil - 81-Curitiba / Brazil - 81-Goiania / Brazil - 81-Campinas / Brazil - 81-Porto Alegre / Brazil - 81-Rio De Janeiro / Brazil - 81-Sao Paulo / Brazil - 81-Brasilia / Brazil - 81-Florianopolis / Brazil - 81-Campo Grande / Brazil - 81-Ribeirao Preto / Brazil - 81-Fortaleza / Brazil - 81-Recife / Brazil - 81-Belo Horizonte / Jamaica - 42-Montego Bay / Jamaica - 42-Ocho Rios / Jamaica - 42-Montego Bay / Jamaica - 42-Negril / Jamaica - 42-Falmouth / Mexico - 82-Naucalpan / Mexico - 82-Zapopan / Mexico - 82-Cancun / Mexico - 82-Cabo San Lucas / Mexico - 82-Cancun / Mexico - 82-MÃ©rida / Mexico - 82-Monterrey / Mexico - 82-Ocoyoacac / Mexico - 82-QuerÃ©taro / Mexico - 82-Cuernavaca / Mexico - 82-TorreÃ³n / Mexico - 82-San Luis Potosi / Mexico - 82-Mexico City / Mexico - 82-Mexico City / Mexico - 82-LeÃ³n / Mexico - 82-Cancun / Mexico - 82-MÃ©xico / Mexico - 82-Monterrey / Mexico - 82-Cabo San Lucas / Australia - -Melbourne / Australia - 55-Melbourne / Australia - 53-Maroochydore / Australia - 57-Alexandria / Australia - 55-Lavington / Australia - 53-Mackay / Australia - 53-Pinelands / Australia - 57-West Gosford / Australia - 57-Tamworth / Australia - 55-Bendigo / Australia - 53-Bundaberg / Australia - 53-Springwood / Australia - 55-Cannington / Australia - 53-Townsville / Australia - 55-Hobart / Australia - 53-Newstead / Australia - 53-Southport / Australia - 79-Tullamarine / Australia - 53-Cairns / Australia - 55-Brunswick / Australia - 55-Mildura / Australia - 55-Launceston / Australia - 55-Ringwood / Australia - 57-Broadmeadow / Australia - 57-Orange / Australia - 57-Blacktown / Australia - 57-Fyshwick / Australia - 57-Campbelltown / Australia - 53-Rockhampton / Australia - 53-Gladstone / Australia - 53-Mount Isa / Australia - 53-Toowoomba / Australia - 53-Kingaroy / Australia - 57-Griffith / Australia - 55-Dandenong / Australia - 55-Albany / Australia - 57-Concord / Australia - 57-Moree / Australia - 57-Coffs Harbour / Australia - 55-Geelong / Australia - 55-Horsham / Australia - 53-Alice Springs / Australia - 55-Adelaide / Australia - 57-Fairy Meadow / Australia - 55-Dianella / Austria - 60-Wien / Austria - 60-Salzburg / Austria - 60-Klagenfurt / Austria - 60-Graz / Austria - 60-Hall in Tirol / China, Peoples Republic Of - 80-Shanghai / China, Peoples Republic Of - 80-Qingdao City / China, Peoples Republic Of - 80-Wenzhou / China, Peoples Republic Of - 80-Dalian / China, Peoples Republic Of - 80-Chendgu / China, Peoples Republic Of - 80-SuZhou / China, Peoples Republic Of - 80-Shanghai / China, Peoples Republic Of - 80-Wuhan City / China, Peoples Republic Of - 80-Chongqing / China, Peoples Republic Of - 80-Chian / China, Peoples Republic Of - 80-Changsha / China, Peoples Republic Of - 80-Tianjin / Indonesia - 65-Jawa Timur / Indonesia - 65-Jakarta / Indonesia - 65-Jakarta / Indonesia - 65-Bali / Japan - 58-Nagano / Japan - 58-Higashiusuki-gun / Japan - 58-Yaizu / Japan - 58-Ofunato / Japan - 58-Iwaki / Japan - 58-Ashikaga / Japan - 58-Mooka / Japan - 58-Ageo / Japan - 58-Yokohama / Japan - 58-Yokohama / Japan - 58-Iida / Japan - 58-Tokai / Japan - 58-Ise / Japan - 58-Naka-gun / Japan - 58-Nerima / Japan - 58-Tosu / Japan - 58-Akishima / Japan - 58-Tomigusuku / Japan - 58-Kishiwada / Japan - 58-Nishi-matsuura-gun / Japan - 58-Kasukabe / Japan - 58-Higashi-kurume / Japan - 58-Niigata / Japan - 58-Mie-gun / Japan - 58-Ebetsu / Japan - 58-Ota / Japan - 58-Kanazawa / Japan - 58-Fuefuki / Japan - 58-Kobe / Japan - 58-Minami-Uonuma / Japan - 58-Iwakuni / Japan - 58-Kani / Japan - 58-Shimanto / Japan - 58-Setagaya / Japan - 58-lsesaki / Japan - 58-Oyama / Japan - 58-Sapporo / Japan - 58-Yamagata / Japan - 58-Kawagoe / Japan - 58-Kashiwa / Japan - 58-Nara / Japan - 58-Kobe / Japan - 58-Oita / Japan - 58-Ginowan / Japan - 58-Toyama / Japan - 58-Kanazawa / Japan - 58-Kamina-gun / Japan - 58-Nagoya / Japan - 58-Hamamatsu / Japan - 58-Hirakata / Japan - 58-Okayama / Japan - 58-Hiroshima / Japan - 58-Fukuyama / Japan - 58-Suginami-ku / Japan - 58-Shimonoseki / Japan - 58-Kochi / Japan - 58-Miyazaki / Japan - 58-Aira / Japan - 58-Tsukuba / Japan - 58-Asahikawa / Japan - 58-Nasu-shiobara / Japan - 58-Fukaya / Japan - 58-Chofu / Japan - 58-Nagaoka / Japan - 58-Chiryu / Japan - 58-Osaka / Japan - 58-Kyoto / Japan - 58-Himeji / Japan - 58-Tokushima / Japan - 58-Fukushima / Japan - 58-Tsukuba / Japan - 58-Ichihara / Japan - 58-Tottori / Japan - 58-Izumo / Japan - 58-Higasi Hiroshima / Japan - 58-Kita-Ku / Japan - 58-Sakai / Japan - 58-Kagoshima / Japan - 58-Sendai / Japan - 58-Ishinomaki / Japan - 58-Maebashi / Japan - 58-Kurashiki / Japan - 58-Narita / Japan - 58-Ueda / Japan - 58-Machida / Japan - 58-Higashi-Osaka / Japan - 58-Koto-Ku / Japan - 58-Tama / Japan - 58-Kyoto / Japan - 58-Hiroshima / Japan - 58-Kobe / Japan - 58-Nishi-Tokyo / Japan - 58-Nagasaki / Japan - 58-Osaka / Japan - 58-Minami-Alps / Japan - 58-Hakodate / Japan - 58-Ina / Japan - 58-Yokohama / Japan - 58-Iyo-gun / Japan - 58-Kyoto / Japan - 58-Fukui / Japan - 58-Kumamoto / Japan - 58-Onojyo / Japan - 58-Miyazaki / Japan - 58-Numazu / Japan - 58-Ohta-Ku / Japan - 58-Takasaki / Japan - 58-Shimotsuga-gun / Japan - 58-Aomori / Japan - 58-Shiojiri / Japan - 58-Kawaguchi / Japan - 58-Tsuchiura / Japan - 58-Gifu / Japan - 58-Matsusaka / Japan - 58-Yamaguchi / Japan - 58-Shibuya-ku / Japan - 58-Ichikawa / Japan - 58-Mito / Japan - 58-Sendai / Japan - 58-Hachiouji / Japan - 58-Matsuyama / Japan - 58-Saitama / Japan - 58-Chigasaki / Japan - 58-Yokohama / Japan - 58-Kitakami / Japan - 58-Nagoya / Japan - 58-Soka / Japan - 58-Niigata / Japan - 58-Shizuoka / Japan - 58-Toyohashi / Japan - 58-Kyoto / Japan - 58-Maizuru / Japan - 58-Amagasaki / Japan - 58-Wakayama / Japan - 58-Fukuoka / Japan - 58-Kagoshima / Japan - 58-Hofu / Japan - 58-Sapporo / Japan - 58-Akita / Japan - 58-Hikone / Japan - 58-Koriyama / Korea, Republic Of - 65-Giyeonggi-do / Korea, Republic Of - 65-Daejon / Korea, Republic Of - 65-Gyeonggi-do / Malaysia - 65-Prai, Penang / New Caledonia - 65-NOUMEA / New Zealand - 54-Christchurch / New Zealand - 54-Palmerston North / New Zealand - 54-Wellington / New Zealand - 54-Hamilton / New Zealand - 54-Dunedin / Singapore - 65-Singapore / Taiwan, Republic Of China - 65-Kaohsiung / Barbados - 42-St. Michael / Canada - 36-Chilliwack / Canada - 36-Victoria / Canada - 36-Vancouver / Canada - 36-Langley / Canada - 36-Kamloops / Canada - 36-Smithers / Canada - 36-Cranbrook / Canada - 36-Kelowna / Canada - 36-Whitehorse / Canada - 36-Dunmore / Canada - 36-Grande Prairie / Canada - 36-Fort McMurray / Canada - 36-Calgary / Canada - 36-Calgary / Canada - 36-Lethbridge / Canada - 36-Edmonton / Canada - 36-Yellowknife / Canada - 36-Edmonton / Canada - 36-Lloydminster / Canada - 36-Red Deer County / Canada - 36-Saskatoon / Canada - 36-Regina / Canada - 36-Yorkton / Canada - 36-Morden / Canada - 36-Winnipeg / Canada - 36-Winnipeg / Canada - 36-Niagara on the Lake / Canada - 36-Blenheim / Canada - 36-Owen Sound / Canada - 36-Thunder Bay / Canada - 36-Kingston / Canada - 36-Sarnia / Canada - 36-Kitchener / Canada - 36-London / Canada - 36-Barrie / Canada - 36-Oshawa / Canada - 36-Nepean / Canada - 36-Peterborough / Canada - 36-Sudbury / Canada - 36-Mississauga / Canada - 36-Windsor / Canada - 36-Richmond Hill / Canada - 36-Hawkesbury / Canada - 36-Pembroke / Canada - 36-Val d\'Or / Canada - 36-Rimouski / Canada - 36-Ville de Quebec / Canada - 36-Laval / Canada - 36-Brossard / Canada - 36-St-Hyacinthe / Canada - 36-Valleyfield / Canada - 36-Victoriaville / Canada - 36-Saguenay / Canada - 36-Baie Comeau / Canada - 36-Gatineau / Canada - 36-Montreal / Canada - 36-Sherbrooke / Canada - 36-Shawinigan / Canada - 36-BÃ©cancour / Canada - 36-Repentigny / Canada - 36-Sydney / Canada - 36-Moncton / Canada - 36-Halifax / Canada - 36-Mount Pearl / Canada - 36-Saint John / Canada - 36-Miramichi / Canada - 36-Cornwall / The Bahamas - 42-Grand Bahama Island / The Bahamas - 42-Nassau / The Bahamas - 42-Freeport / United States - 12-Plainfield / United States - 26-Mesa / United States - 31-Trussville / United States - 30-Mobile / United States - 41-Kahului, Maui / United States - 33-Montgomery / United States - 21-Anchorage / United States - 21-Fairbanks / United States - 26-Chandler / United States - 26-Peoria / United States - 26-Phoenix / United States - 26-Tucson / United States - 26-Yuma / United States - 30-Monroe / United States - 76-Jonesboro / United States - 24-Atascadero / United States - 24-Fullerton / United States - 24-Canoga Park / United States - 22-Chico / United States - 24-Marina Del Rey / United States - 22-Eureka / United States - 23-Fresno / United States - 23-Fresno / United States - 24-Glendale / United States - 24-Harbor City / United States - 23-Morgan Hill / United States - 23-Modesto / United States - 24-Montclair / United States - 25-San Marcos / United States - 25-N. Palm Springs / United States - 22-Redding / United States - 25-Riverside / United States - 24-Baldwin Park / United States - 22-Sacramento / United States - 25-Loma Linda / United States - 25-National City / United States - 25-San Diego / United States - 23-South San Francisco / United States - 24-Irvine / United States - 23-Cotati / United States - 25-Temecula / United States - 22-Ukiah / United States - 23-Visalia / United States - 25-Victorville / United States - 23-Walnut Creek / United States - 24-Camarillo / United States - 22-Yuba City / United States - 19-Aurora / United States - 19-Colorado Springs / United States - 19-Loveland / United States - 19-Grand Junction / United States - 19-Littleton / United States - 19-Frederick / United States - 19-Thornton / United States - 3-Danbury / United States - 3-Branford / United States - 3-Ellington / United States - 5-Seaford / United States - 7-Fort Washington / United States - 77-Ormond Beach / United States - 34-Fort Myers / United States - 33-Fort Walton Beach / United States - 77-Gainesville / United States - 77-Orange Park / United States - 77-Jacksonville / United States - 34-Lakeland / United States - 77-Leesburg / United States - 34-Miami / United States - 34-Naples / United States - 77-Ocala / United States - 77-Orlando / United States - 33-Pensacola / United States - 34-Miami / United States - 34-St. Petersburg / United States - 34-Sarasota / United States - 34-Stuart / United States - 34-Tampa / United States - 77-Tallahassee / United States - 34-West Palm Beach / United States - 33-Roswell / United States - 33-Bogart / United States - 33-Buford / United States - 33-Lithia Springs / United States - 33-Macon / United States - 33-Morrow / United States - 33-Marietta / United States - 41-Honolulu / United States - 41-Waipahu / United States - 41-Honolulu / United States - 17-Alton / United States - 17-Bloomington / United States - 17-Quincy / United States - 17-Forsyth / United States - 17-O\'Fallon / United States - 23-Livermore / United States - 33-Columbus / United States - 71-Tinley Park / United States - 30-Houma / United States - 71-Shorewood / United States - 34-New Port Richey / United States - 15-Kewanee / United States - 76-Mount Vernon / United States - 26-Kingman / United States - 71-Lisle / United States - 71-Countryside / United States - 10-Wheeling / United States - 29-Round Rock / United States - 71-Villa Park / United States - 17-Peoria / United States - 27-Liberal / United States - 15-Rockford / United States - 15-Rock Falls / United States - 6-Mechanicsburg / United States - 29-Stafford / United States - 17-Springfield / United States - 15-Ottawa / United States - 12-Urbana / United States - 3-East Hartford / United States - 16-Rice Lake / United States - 28-Corinth / United States - 72-Concord / United States - 71-Libertyville / United States - 13-Gaylord / United States - 12-Bloomington / United States - 31-Chattanooga / United States - 14-Manitowoc / United States - 17-Columbia / United States - 12-Edinburgh / United States - 12-Lafayette / United States - 11-Fort Wayne / United States - 76-Evansville / United States - 11-Fort Wayne / United States - 71-Munster / United States - 12-Indianapolis / United States - 12-Indianapolis / United States - 12-Kokomo / United States - 20-Meridian / United States - 28-Fort Worth / United States - 26-Bellemont / United States - 30-Meridian / United States - 12-Muncie / United States - 1-Manchester / United States - 11-Richmond / United States - 7-Hughesville / United States - 12-South Bend / United States - 12-Terre Haute / United States - 12-Valparaiso / United States - 12-Wabash / United States - 12-Winamac / United States - 15-Madison / United States - 13-Clinton Township / United States - 20-Billings / United States - 17-St. Louis / United States - 18-Ames / United States - 16-Algona / United States - 15-Davenport / United States - 17-Burlington / United States - 78-Carroll / United States - 15-Clinton / United States - 8-Morgantown / United States - 15-Coralville / United States - 15-Cedar Rapids / United States - 29-Victoria / United States - 7-Prince George / United States - 26-Farmington / United States - 26-Durango / United States - 18-Omaha / United States - 24-Santa Maria / United States - 29-Boerne / United States - 29-The Woodlands / United States - 16-Mason City / United States - 74-Williamsport / United States - 78-Mandan / United States - 22-Carson City / United States - 17-Ottumwa / United States - 20-Idaho Falls / United States - 18-Chariton / United States - 15-Waukon / United States - 7-Harbinger / United States - 4-Long Island City / United States - 19-Greeley / United States - 27-Dodge City / United States - 10-Columbus / United States - 29-Houston / United States - 27-Hays / United States - 24-Moorpark / United States - 18-Junction City / United States - 23-Lathrop / United States - 14-Marquette / United States - 9-Toledo / United States - 32-Durham / United States - 1-Merrimack / United States - 78-Sioux City / United States - 31-Madison / United States - 27-Salina / United States - 18-Topeka / United States - 9-Dover / United States - 25-Bakersfield / United States - 33-Oxford / United States - 31-Pelham / United States - 11-Louisville / United States - 33-Cartersville / United States - 31-Bowling Green / United States - 12-Effingham / United States - 26-Las Cruces / United States - 77-Sanford / United States - 29-Waco / United States - 30-Alexandria / United States - 20-Twin Falls / United States - 31-Pikeville / United States - 25-Lancaster / United States - 30-Scott / United States - 30-Lake Charles / United States - 1-Augusta / United States - 1-Hermon / United States - 1-Caribou / United States - 3-Groton / United States - 1-Portland / United States - 7-Glen Allen / United States - 26-Apache Junction / United States - 27-Moore / United States - 28-Wichita Falls / United States - 24-Santa Clarita / United States - 31-Maryville / United States - 28-Carrollton / United States - 8-West Mifflin / United States - 34-Port Charlotte / United States - 22-Folsom / United States - 6-Annapolis / United States - 6-Baltimore / United States - 77-Homosassa / United States - 4-Bellmore / United States - 6-Darlington / United States - 6-Frederick / United States - 21-Tigard / United States - 6-Gaithersburg / United States - 14-West Bend / United States - 28-Lawton / United States - 3-Swanzey / United States - 15-Waterloo / United States - 28-Allen / United States - 28-Garland / United States - 3-Leominster / United States - 28-Sherman / United States - 11-Cincinnati / United States - 11-Lexington / United States - 72-Rock Hill / United States - 34-Bradenton / United States - 29-College Station / United States - 9-Medina / United States - 23-Oakland / United States - 77-New Smyrna Beach / United States - 8-Washington / United States - 20-Belgrade / United States - 76-Paducah / United States - 27-Wichita / United States - 78-Jamestown / United States - 28-Lubbock / United States - 2-Plattsburgh / United States - 28-Grand Prairie / United States - 13-Muskegon / United States - 76-Ft. Smith / United States - 29-Pasadena / United States - 1-Lewiston / United States - 29-Laredo / United States - 31-Bristol / United States - 21-Salem / United States - 4-Great Neck / United States - 32-Jacksonville / United States - 14-Rothschild / United States - 29-San Antonio / United States - 26-Albuquerque / United States - 72-Salisbury / United States - 17-Galesburg / United States - 30-Metairie / United States - 2-Pittsfield / United States - 11-Louisville / United States - 31-Columbia / United States - 21-Silverdale / United States - 76-Southaven / United States - 24-Westminster / United States - 30-Bossier City / United States - 72-Elgin / United States - 21-Marysville / United States - 29-New Braunfels / United States - 21-Renton / United States - 29-Harker Heights / United States - 3-Pocasset / United States - 27-Rogers / United States - 74-Painted Post / United States - 19-Glenwood Springs / United States - 10-Pataskala / United States - 29-Austin / United States - 74-Mansfield / United States - 9-Upper Sandusky / United States - 10-Hico / United States - 33-Dalton / United States - 13-Battle Creek / United States - 3-W. Bridgewater / United States - 22-Coos Bay / United States - 77-Clermont / United States - 30-Slidell / United States - 3-Auburn / United States - 12-Sturgis / United States - 71-Palatine / United States - 14-Fond du Lac / United States - 20-Ogden / United States - 10-Williamstown / United States - 3-Southampton / United States - 13-Cement City / United States - 25-Las Vegas / United States - 10-Huntington / United States - 13-Brighton / United States - 78-Gillette / United States - 16-Elk River / United States - 8-Glenshaw / United States - 13-Fremont / United States - 13-Flint / United States - 13-Bay City / United States - 13-Waterford / United States - 18-Des Moines / United States - 31-London / United States - 13-Portage / United States - 13-Dimondale / United States - 13-Lapeer / United States - 74-Erie / United States - 13-Mt. Pleasant / United States - 76-Marion / United States - 13-Taylor / United States - 13-Traverse City / United States - 13-Farmington Hills / United States - 13-West Branch / United States - 72-Augusta / United States - 16-Albert Lea / United States - 16-Delano / United States - 77-Tifton / United States - 16-Eveleth / United States - 16-Duluth / United States - 16-Faribault / United States - 16-Mankato / United States - 22-Vacaville / United States - 16-Eden Prairie / United States - 1-Essex Junction / United States - 78-Alexandria / United States - 16-Rochester / United States - 16-Blaine / United States - 16-Lakeville / United States - 16-St. Paul / United States - 20-Spokane Valley / United States - 30-Biloxi / United States - 1-Lebanon / United States - 2-Wurtsboro / United States - 2-Broadalbin / United States - 30-Jackson / United States - 29-San Antonio / United States - 33-Newnan / United States - 5-New Castle / United States - 32-Danville / United States - 3-Dartmouth / United States - 17-Saint Charles / United States - 1-Meredith / United States - 18-Grandview / United States - 18-Blue Springs / United States - 76-Little Rock / United States - 17-Festus / United States - 18-Kansas City / United States - 14-Milwaukee / United States - 17-Kirkwood / United States - 27-Lebanon / United States - 15-Dubuque / United States - 18-St. Joseph / United States - 18-Sedalia / United States - 27-Springfield / United States - 32-Winston Salem / United States - 17-Villa Ridge / United States - 20-Great Falls / United States - 3-Bristol / United States - 18-Columbus / United States - 18-Grand Island / United States - 72-Savannah / United States - 41-Kailua Kona / United States - 18-Lincoln / United States - 11-Xenia / United States - 20-Lindon / United States - 18-North Platte / United States - 11-Mason / United States - 18-Omaha / United States - 31-Franklin / United States - 22-Reno / United States - 32-Wilkesboro / United States - 25-Las Vegas / United States - 26-Santa Fe / United States - 1-Concord / United States - 9-Sandusky / United States - 18-Olathe / United States - 23-San Jose / United States - 41-Lihue / United States - 1-North Hampton / United States - 20-Butte / United States - 27-Tulsa / United States - 25-Henderson / United States - 15-Mauston / United States - 4-Lebanon / United States - 32-Winterville / United States - 34-Palm Bay / United States - 20-Kennewick / United States - 4-Hope / United States - 5-Lakewood / United States - 5-Galloway / United States - 12-Marion / United States - 76-Texarkana / United States - 1-Everett / United States - 76-Scott City / United States - 71-St. Charles / United States - 11-Dayton / United States - 22-Bend / United States - 4-Parryville / United States - 72-Swannanoa / United States - 4-Kinnelon / United States - 5-Rahway / United States - 29-McAllen / United States - 4-Rochelle Park / United States - 6-Laurel / United States - 5-W. Collingswood Hts / United States - 5-Long Branch / United States - 28-Clovis / United States - 28-Roswell / United States - 7-Staunton / United States - 16-Sauk Rapids / United States - 2-Adams Center / United States - 74-Arkport / United States - 74-Batavia / United States - 2-Binghamton / United States - 26-Scottsdale / United States - 74-Amherst / United States - 19-Cheyenne / United States - 32-Burlington / United States - 21-Lynnwood / United States - 13-Hudsonville / United States - 9-Cuyahoga Falls / United States - 4-Riverhead / United States - 4-New Rochelle / United States - 33-Conyers / United States - 1-North Billerica / United States - 19-Lakewood / United States - 71-Glenview / United States - 72-Hickory / United States - 20-Missoula / United States - 25-El Cajon / United States - 18-Pacific Junction / United States - 74-Geneva / United States - 2-Fort Ann / United States - 71-DeKalb / United States - 31-Tuscumbia / United States - 74-Gowanda / United States - 71-Woodstock / United States - 2-Kingston / United States - 19-Pueblo / United States - 12-Elkhart / United States - 74-Falconer / United States - 22-Eugene / United States - 13-Birch Run / United States - 14-Oconomowoc / United States - 23-Salinas / United States - 71-Manteno / United States - 78-Minot / United States - 9-Napoleon / United States - 74-Macedon / United States - 37-Woodbury / United States - 2-New Windsor / United States - 2-Cayuta / United States - 30-Baton Rouge / United States - 4-Stroudsburg / United States - 27-Joplin / United States - 14-Arbor Vitae / United States - 34-Sunrise / United States - 33-Panama City Beach / United States - 74-Rochester / United States - 2-Albany / United States - 4-Staten Island / United States - 2-Syracuse / United States - 2-Troy / United States - 2-New York Mills / United States - 74-North Tonawanda / United States - 4-Oakdale / United States - 32-Asheboro / United States - 72-Matthews / United States - 32-Fayetteville / United States - 32-Goldsboro / United States - 32-Greensboro / United States - 32-New Bern / United States - 32-Raleigh / United States - 32-Roanoke Rapids / United States - 32-Pinehurst / United States - 72-Statesville / United States - 32-Rocky Mount / United States - 32-Wilmington / United States - 78-West Fargo / United States - 78-Grand Forks / United States - 11-Piqua / United States - 10-Athens / United States - 10-Chillicothe / United States - 11-Cincinnati / United States - 9-Cleveland / United States - 9-Bedford Heights / United States - 9-Avon / United States - 11-Fairfield / United States - 10-Bidwell / United States - 9-Perrysburg / United States - 10-Carroll / United States - 11-Lima / United States - 9-Mansfield / United States - 9-Mantua / United States - 9-North Canton / United States - 11-Mendon / United States - 9-Mentor / United States - 11-Ottawa / United States - 10-Springfield / United States - 10-Zanesville / United States - 8-Wintersville / United States - 9-Cortland / United States - 10-Plain City / United States - 9-Youngstown / United States - 27-Bartlesville / United States - 27-Oklahoma City / United States - 27-Stillwater / United States - 27-Tulsa / United States - 22-Medford / United States - 21-Gladstone / United States - 8-Duncansville / United States - 8-Beaver Falls / United States - 8-Somerset / United States - 74-Bloomsburg / United States - 6-Chambersburg / United States - 8-Conneaut Lake / United States - 5-Chester Springs / United States - 8-Du Bois / United States - 5-Langhorne / United States - 74-Galeton / United States - 6-Gettysburg / United States - 6-Harrisburg / United States - 2-Honesdale / United States - 8-Johnstown / United States - 6-Willow Street / United States - 8-Greensburg / United States - 6-Lebanon / United States - 5-Media / United States - 8-New Castle / United States - 5-Norristown / United States - 4-Orwigsburg / United States - 74-Centre Hall / United States - 2-Scranton / United States - 9-Sharon / United States - 4-Leesport / United States - 5-Sellersville / United States - 8-Tarentum / United States - 6-York / United States - 3-Pawtucket / United States - 3-Warwick / United States - 72-Florence / United States - 72-Anderson / United States - 72-Irmo / United States - 72-Charleston / United States - 72-Greenville / United States - 72-Myrtle Beach / United States - 72-Spartanburg / United States - 78-Pierre / United States - 78-Rapid City / United States - 78-Sioux Falls / United States - 31-Clarksville / United States - 76-Jackson / United States - 31-Johnson City / United States - 31-Knoxville / United States - 76-Memphis / United States - 31-Morristown / United States - 31-Nashville / United States - 31-Murfreesboro / United States - 76-Union City / United States - 28-Abilene / United States - 28-Bedford / United States - 27-Amarillo / United States - 29-Angleton / United States - 30-Beaumont / United States - 28-Big Spring / United States - 29-Kingwood / United States - 29-Corpus Christi / United States - 26-El Paso / United States - 29-Houston / United States - 29-Houston / United States - 30-Longview / United States - 28-Odessa / United States - 76-Paris / United States - 30-Tyler / United States - 20-Salt Lake City / United States - 19-Vernal / United States - 1-Barre / United States - 7-Dumfries / United States - 7-Fairfax / United States - 7-Lynchburg / United States - 7-Manassas / United States - 7-Yorktown / United States - 7-Orange / United States - 7-Portsmouth / United States - 7-Roanoke / United States - 7-Virginia Beach / United States - 7-Winchester / United States - 21-Burlington / United States - 21-Fife / United States - 21-Lacey / United States - 21-Bellevue / United States - 21-Vancouver / United States - 20-Yakima / United States - 10-Bluefield / United States - 10-South Charleston / United States - 10-Delbarton / United States - 8-Nutter Fort / United States - 14-Appleton / United States - 14-Beaver Dam / United States - 14-Black River Falls / United States - 14-Chippewa Falls / United States - 15-Janesville / United States - 14-Thiensville / United States - 71-Kenosha / United States - 15-Onalaska / United States - 14-Greenfield / United States - 14-New Berlin / United States - 16-New Richmond / United States - 14-Green Bay / United States - 71-Racine / United States - 15-Sauk City / United States - 14-Bonduel / United States - 14-Sheboygan / United States - 78-Casper / United States - 19-Green River / Virgin Islands (USA) - 42-St. Thomas / ',NULL),(337,0,'undefined','1',0,'undefined','undefined','undefined','undefined',NULL),(338,0,'undefined','1',0,'undefined','undefined','undefined','undefined',NULL),(339,0,'undefined','1',0,'undefined','undefined','undefined','undefined',NULL),(340,0,'undefined','1',0,'undefined','undefined','undefined','undefined',NULL),(341,0,'undefined','1',0,'undefined','undefined','undefined','undefined',NULL),(342,0,'undefined','1',0,'undefined','undefined','undefined','undefined',NULL),(343,0,'undefined','1',0,'undefined','undefined','undefined','undefined',NULL),(344,0,'undefined','',0,'undefined','undefined','undefined','undefined',NULL),(345,0,'undefined','1',0,'undefined','undefined','undefined','undefined',NULL),(346,0,'undefined','1',0,'undefined','undefined','undefined','undefined',NULL),(347,0,'undefined','1',0,'undefined','undefined','undefined','undefined',NULL),(348,0,'undefined','1',0,'undefined','undefined','undefined','undefined',NULL),(349,0,'undefined','1',0,'undefined','undefined','undefined','undefined',NULL),(350,0,'undefined','1',0,'undefined','undefined','undefined','undefined',NULL),(351,0,'undefined','1',0,'undefined','undefined','undefined','undefined',NULL),(352,0,'undefined','1',0,'undefined','undefined','undefined','undefined',NULL),(353,0,'undefined','1',0,'undefined','undefined','undefined','undefined',NULL),(354,0,'undefined','1',0,'undefined','undefined','undefined','undefined',NULL),(355,0,'undefined','1',0,'undefined','undefined','undefined','undefined',NULL),(356,0,'undefined','1',0,'undefined','undefined','undefined','undefined',NULL),(357,0,'undefined','1',0,'undefined','undefined','undefined','undefined',NULL),(358,0,'undefined','1',0,'undefined','undefined','undefined','undefined',NULL),(359,0,'undefined','1',0,'undefined','undefined','undefined','undefined',NULL),(360,0,'undefined','1',0,'undefined','undefined','undefined','undefined',NULL),(361,0,'undefined','1',0,'undefined','undefined','undefined','undefined',NULL),(362,0,'undefined','1',0,'undefined','undefined','undefined','undefined',NULL),(363,0,'undefined','1',0,'undefined','undefined','undefined','undefined',NULL),(364,388,'Arkaitz','1,2,3',0,'amas@arista.es','spanish','Arista','Global / ',NULL),(365,0,'undefined','2',0,'undefined','undefined','undefined','undefined',NULL),(366,0,'undefined','3',0,'undefined','undefined','undefined','undefined',NULL),(367,0,'undefined','3',0,'undefined','undefined','undefined','undefined',NULL),(368,0,'undefined','1',0,'undefined','undefined','undefined','undefined',NULL),(369,0,'undefined','1',0,'undefined','undefined','undefined','undefined',NULL),(370,0,'undefined','1',0,'undefined','undefined','undefined','undefined',NULL),(371,0,'undefined','1',0,'undefined','undefined','undefined','undefined',NULL),(372,0,'undefined','1',0,'undefined','undefined','undefined','undefined',NULL),(373,0,'undefined','',0,'undefined','undefined','undefined','undefined',NULL),(374,0,'undefined','1',0,'undefined','undefined','undefined','undefined',NULL),(375,0,'undefined','1',0,'undefined','undefined','undefined','undefined',NULL),(376,0,'undefined','1',0,'undefined','undefined','undefined','undefined',NULL),(377,0,'undefined','1',0,'undefined','undefined','undefined','undefined',NULL),(378,0,'undefined','2',0,'undefined','undefined','undefined','undefined',NULL),(379,0,'undefined','2',0,'undefined','undefined','undefined','undefined',NULL),(380,0,'undefined','2',0,'undefined','undefined','undefined','undefined',NULL),(381,0,'undefined','2',0,'undefined','undefined','undefined','undefined',NULL),(382,0,'undefined','2',0,'undefined','undefined','undefined','undefined',NULL),(383,0,'undefined','1',0,'undefined','undefined','undefined','undefined',NULL),(384,0,'undefined','1',0,'undefined','undefined','undefined','undefined',NULL),(385,0,'undefined','1',0,'undefined','undefined','undefined','undefined',NULL),(386,0,'undefined','1',0,'undefined','undefined','undefined','undefined',NULL),(387,0,'undefined','1',0,'undefined','undefined','undefined','undefined',NULL),(388,0,'undefined','1',0,'undefined','undefined','undefined','undefined',NULL),(389,0,'undefined','1',0,'undefined','undefined','undefined','undefined',NULL),(390,0,'undefined','1',0,'undefined','undefined','undefined','undefined',NULL),(391,0,'undefined','1',0,'undefined','undefined','undefined','undefined',NULL),(392,0,'undefined','1',0,'undefined','undefined','undefined','undefined',NULL),(393,0,'undefined','1',0,'undefined','undefined','undefined','undefined',NULL),(394,0,'undefined','1',0,'undefined','undefined','undefined','undefined',NULL),(395,0,'undefined','1',0,'undefined','undefined','undefined','undefined',NULL),(396,0,'undefined','1',0,'undefined','undefined','undefined','undefined',NULL),(397,0,'undefined','1',0,'undefined','undefined','undefined','undefined',NULL),(398,0,'undefined','1',0,'undefined','undefined','undefined','undefined',NULL),(399,0,'undefined','2',0,'undefined','undefined','undefined','undefined',NULL),(400,0,'undefined','2',0,'undefined','undefined','undefined','undefined',NULL),(401,0,'undefined','2',0,'undefined','undefined','undefined','undefined',NULL),(402,0,'undefined','2',0,'undefined','undefined','undefined','undefined',NULL),(403,0,'undefined','1',0,'undefined','undefined','undefined','undefined',NULL),(404,0,'undefined','2',0,'undefined','undefined','undefined','undefined',NULL),(405,0,'undefined','2',0,'undefined','undefined','undefined','undefined',NULL),(406,0,'undefined','2',0,'undefined','undefined','undefined','undefined',NULL),(407,0,'undefined','2',0,'undefined','undefined','undefined','undefined',NULL),(408,0,'undefined','2',0,'undefined','undefined','undefined','undefined',NULL),(409,0,'undefined','2',0,'undefined','undefined','undefined','undefined',NULL),(410,0,'undefined','2',0,'undefined','undefined','undefined','undefined',NULL),(411,0,'undefined','2',0,'undefined','undefined','undefined','undefined',NULL),(412,0,'undefined','2',0,'undefined','undefined','undefined','undefined',NULL),(413,0,'undefined','2',0,'undefined','undefined','undefined','undefined',NULL),(414,0,'undefined','2',0,'undefined','undefined','undefined','undefined',NULL),(415,0,'undefined','2',0,'undefined','undefined','undefined','undefined',NULL),(416,0,'undefined','2',0,'undefined','undefined','undefined','undefined',NULL),(417,0,'undefined','2',0,'undefined','undefined','undefined','undefined',NULL),(418,0,'undefined','2',0,'undefined','undefined','undefined','undefined',NULL),(419,0,'undefined','1',0,'undefined','undefined','undefined','undefined',NULL),(420,0,'undefined','1',0,'undefined','undefined','undefined','undefined',NULL),(421,0,'undefined','1',0,'undefined','undefined','undefined','undefined',NULL),(422,0,'undefined','1',0,'undefined','undefined','undefined','undefined',NULL),(423,0,'undefined','1',0,'undefined','undefined','undefined','undefined',NULL),(424,0,'undefined','1',0,'undefined','undefined','undefined','undefined',NULL),(425,0,'undefined','1',0,'undefined','undefined','undefined','undefined',NULL),(426,0,'undefined','2',0,'undefined','undefined','undefined','undefined',NULL),(427,0,'undefined','2',0,'undefined','undefined','undefined','undefined',NULL),(428,0,'undefined','1',0,'undefined','undefined','undefined','undefined',NULL),(429,0,'undefined','1',0,'undefined','undefined','undefined','undefined',NULL),(430,0,'undefined','1',0,'undefined','undefined','undefined','undefined',NULL),(431,0,'undefined','1',0,'undefined','undefined','undefined','undefined',NULL),(432,0,'undefined','2',0,'undefined','undefined','undefined','undefined',NULL),(433,0,'undefined','1',0,'undefined','undefined','undefined','undefined',NULL),(434,0,'undefined','',0,'undefined','undefined','undefined','undefined',NULL),(435,0,'undefined','2',0,'undefined','undefined','undefined','undefined',NULL),(436,0,'undefined','1',0,'undefined','undefined','undefined','undefined',NULL),(437,0,'undefined','1',0,'undefined','undefined','undefined','undefined',NULL),(438,0,'undefined','1',0,'undefined','undefined','undefined','undefined',NULL),(439,0,'undefined','1',0,'undefined','undefined','undefined','undefined',NULL),(440,0,'undefined','1',0,'undefined','undefined','undefined','undefined',NULL),(441,0,'undefined','1',0,'undefined','undefined','undefined','undefined',NULL),(442,0,'undefined','1',0,'undefined','undefined','undefined','undefined',NULL),(443,0,'undefined','',0,'undefined','undefined','undefined','undefined',NULL),(444,0,'undefined','1',0,'undefined','undefined','undefined','undefined',NULL),(445,0,'undefined','1',0,'undefined','undefined','undefined','undefined',NULL),(446,0,'undefined','1',0,'undefined','undefined','undefined','undefined',NULL),(447,0,'undefined','1',0,'undefined','undefined','undefined','undefined',NULL),(448,472,'Inaki','',0,'ignacio.isusi@harley-davidson.com','spanish','Harley-Davisdon LATAM','Belgium - 68-Izel-Chiny / ',NULL),(449,473,'Inaki','',0,'ignacio.isusi@harley-davidson.com','spanish','Harley Latam','\n                      Global                     / ',NULL),(450,0,'undefined','1',0,'undefined','undefined','undefined','undefined',NULL),(452,476,'Inaki','2',0,'ignacio.isusi@harley-davidson.com','spanish','','Brazil - 81-Curitiba / ',NULL),(453,477,'inaki','1,2,3,4',0,'ignacio.isusi@harley-davidson.com','spanish','','Mexico - 82-Ocoyoacac / ',NULL),(454,478,'24234','',0,'acastroÃ±kajdsflÃ±kasd','spanish','Arista','Global - LATAM / ',NULL),(455,479,'24234','',0,'acastroÃ±kajdsflÃ±kasd','spanish','Arista','Global - LATAM / ',NULL),(456,480,'24234','',0,'acastroÃ±kajdsflÃ±kasd','spanish','Arista','Global - LATAM / ',NULL),(457,481,'24234','',0,'acastroÃ±kajdsflÃ±kasd','spanish','Arista','Global - LATAM / ',NULL),(458,482,'24234','',0,'acastroÃ±kajdsflÃ±kasd','spanish','Arista','Global - LATAM / ',NULL),(459,483,'Adriana','',0,'lkajdflkajsf','spanish','','Global - LATAM / ',NULL),(460,484,'Adriana','',0,'adfadsfasfdasd','spanish','','Global - LATAM / ',NULL),(461,485,'Adriana','',0,'adfadsfasfdasd','spanish','','Global - LATAM / ',NULL),(462,486,'Adriana','',0,'adfadsfasfdasd','spanish','','Global - LATAM / ',NULL),(463,487,'Adriana','',0,'adfadsfasfdasd','spanish','','Global - LATAM / ',NULL),(464,488,'Adriana','',0,'adfadsfasfdasd','spanish','','Global - LATAM / ',NULL),(465,489,'Adriana','',0,'adfadsfasfdasd','spanish','','Global - LATAM / ',NULL),(466,490,'fasdasd','',0,'adsfadsasdf','spanish','','Global - LATAM / ',NULL),(467,491,'adriana','',0,'asdfasdfa','spanish','','Global - LATAM / ',NULL),(468,492,'Adriana','',0,'asdfasdfas','spanish','','Global - LATAM / ',NULL),(470,494,'Alvaro','',0,'asfdasdads','spanish','','Global - LATAM / ',NULL),(471,495,'Alvaro','',0,'asfdasdads','spanish','','Global - LATAM / ',NULL),(472,496,'Alvaro','',0,'asfdasdads','spanish','','Global - LATAM / ',NULL),(473,497,'Alvaro','',0,'asfdasdads','spanish','','Global - LATAM / ',NULL),(474,498,'Alvaro','',0,'asdfasdf','spanish','','Global - LATAM / ',NULL),(475,499,'Alvaro','',0,'asdfasdf','spanish','','Global - LATAM / ',NULL),(476,500,'Alvaro','',0,'amiguel@arista.es','spanish','','Global - LATAM / ',NULL),(477,501,'alvaro','',0,'asdfasdfasdf','spanish','','Global - LATAM / ',NULL),(478,502,'alvaro','',0,'asdfasdfasdf','spanish','','Global - LATAM / ',NULL),(479,503,'alvaro','',0,'asdfasdfasdf','spanish','','Global - LATAM / ',NULL),(480,504,'alvaro','',0,'asdfasdfasdf','spanish','','Global - LATAM / ',NULL),(484,508,'arki3','',0,'amas@arista.es','spanish','arista','Global - LATAM / ',NULL),(485,0,'undefined','',0,'undefined','undefined','undefined','undefined',NULL),(486,0,'undefined','',0,'undefined','undefined','undefined','undefined',NULL),(487,0,'undefined','',0,'undefined','undefined','undefined','undefined',NULL),(488,0,'undefined','',0,'undefined','undefined','undefined','undefined',NULL),(489,0,'undefined','2',0,'undefined','undefined','undefined','undefined',NULL),(490,0,'undefined','2',0,'undefined','undefined','undefined','undefined',NULL),(491,0,'undefined','2',0,'undefined','undefined','undefined','undefined',NULL),(492,516,'Ricardo','1',0,'rgil@arista.es','spanish','Arista','Brazil - 81-Curitiba / Brazil - 81-Goiania / Brazil - 81-Campinas / Brazil - 81-Porto Alegre / Brazil - 81-Rio De Janeiro / Brazil - 81-Sao Paulo / ',NULL),(493,517,'Nivel 1','4',14,'nyurrebaso@arista.es','spanish','ARISTA','Spain - 68-BILLABONA (GUIPUZKOA) / ',NULL),(494,518,'Nivel 2','',0,'nyurrebaso@arista.es','spanish','ARISTA','Spain - 68-ASTILLERO (CANTABRIA) / Spain - 68-BILLABONA (GUIPUZKOA) / Spain - 68-BASAURI / VIZCAYA / ',NULL),(495,519,'Nivel 3 - Sales','4',0,'nyurrebaso@arista.es','spanish','ARISTA','Europa EMEA - Belgium / Europa EMEA - Netherlands / ',NULL),(496,520,'Nivel 4 - Adm/Env','3,4',0,'nyurrebaso@arista.es','spanish','ARISTA','Global - Europa EMEA / ',NULL),(497,521,'Nivel 3 - desde 4','3,4',0,'nyurrebaso@arista.es','spanish','ARISTA','\n                      Global                     / ',NULL),(498,522,'Nombre','',0,'Nombre','spanish','Nombre','Global - Europa EMEA / ',NULL),(499,523,'Nombre','',0,'Nombre','spanish','Nombre','Global - Europa EMEA / ',NULL),(500,524,'Nombre','',0,'Nombre','spanish','Nombre','Global - Europa EMEA / ',NULL),(501,525,'Nombre','',0,'Nombre','spanish','Nombre','Spain - 68-REUS (TARRAGONA) / ',NULL),(502,526,'Nombre','',0,'Nombre','spanish','Nombre','Spain - 68-REUS (TARRAGONA) / ',NULL),(503,527,'Nombre','',0,'Nombre','spanish','Nombre','Spain - 68-REUS (TARRAGONA) / ',NULL),(504,528,'Nombre','',0,'Nombre','spanish','Nombre','Spain - 68-REUS (TARRAGONA) / ',NULL),(505,529,'Nombre','',0,'Nombre','spanish','Nombre','Spain - 68-REUS (TARRAGONA) / ',NULL),(506,530,'Nombre','1,2,3,4,5',0,'Nombre','spanish','Nombre','Global - Europa EMEA / ',NULL),(507,531,'Nombre','1,2,3,4,5',0,'Nombre','spanish','Nombre','Global - Europa EMEA / ',NULL),(508,532,'Nombre','1,2,3,4,5',0,'Nombre','spanish','Nombre','Global - Europa EMEA / ',NULL),(509,533,'Nombre','1,2,3,4,5',0,'Nombre','spanish','Nombre','Europa EMEA - Algeria / ',NULL),(510,534,'Nombre','1',0,'Nombre','spanish','Nombre','Europa EMEA - Algeria / ',NULL),(511,535,'Nombre','1',0,'Nombre','spanish','Nombre','Europa EMEA - Algeria / ',NULL),(512,536,'Nombre','1',0,'Nombre','spanish','Nombre','Europa EMEA - Algeria / ',NULL),(513,537,'Nombre','1',0,'Nombre','spanish','Nombre','Europa EMEA - Algeria / ',NULL),(514,0,'undefined','1',0,'undefined','undefined','undefined','undefined',NULL),(515,539,'Nivel 3 Ricardo','1,2,3,4,5',0,'rgil@arista.es','spanish','','LATAM - Argentina / LATAM - Bolivia / LATAM - Brazil / ',NULL),(516,0,'undefined','',0,'undefined','undefined','undefined','undefined',NULL),(517,0,'undefined','4',0,'undefined','undefined','undefined','undefined',NULL),(518,0,'undefined','4',0,'undefined','undefined','undefined','undefined',NULL),(519,0,'undefined','4',0,'undefined','undefined','undefined','undefined',NULL),(520,0,'undefined','4',0,'undefined','undefined','undefined','undefined',NULL),(521,0,'undefined','4',0,'undefined','undefined','undefined','undefined',NULL),(522,0,'undefined','4',0,'undefined','undefined','undefined','undefined',NULL),(523,0,'undefined','4',0,'undefined','undefined','undefined','undefined',NULL),(524,0,'undefined','4',0,'undefined','undefined','undefined','undefined',NULL);
/*!40000 ALTER TABLE `profiles` ENABLE KEYS */;
UNLOCK TABLES;

--
-- Table structure for table `questions`
--

DROP TABLE IF EXISTS `questions`;
/*!40101 SET @saved_cs_client     = @@character_set_client */;
/*!40101 SET character_set_client = utf8 */;
CREATE TABLE `questions` (
  `id` int(10) NOT NULL AUTO_INCREMENT,
  `audit_id` int(10) DEFAULT NULL,
  `question` varchar(255) DEFAULT NULL,
  `required` varchar(1) DEFAULT '0',
  `open` varchar(1) DEFAULT '0',
  `yes_no` varchar(1) DEFAULT '0',
  `group_name` varchar(255) DEFAULT NULL,
  PRIMARY KEY (`id`)
) ENGINE=InnoDB AUTO_INCREMENT=257 DEFAULT CHARSET=latin1;
/*!40101 SET character_set_client = @saved_cs_client */;

--
-- Dumping data for table `questions`
--

LOCK TABLES `questions` WRITE;
/*!40000 ALTER TABLE `questions` DISABLE KEYS */;
INSERT INTO `questions` VALUES (6,2,'AFDDFA','0','1','0','P4'),(7,3,'AFDDFA','0','1','0','P4'),(27,23,'','0','1','0','sfg'),(28,24,'','1','1','0','hola'),(29,25,'','1','1','0','hola'),(30,26,'tienen facebook','1','0','1','redes sociales'),(31,26,'tienen twitter?','1','0','1','redes sociales'),(32,26,'mola su twitter?','1','1','0','redes sociales'),(33,26,'tienen papel?','1','0','1','Limpieza de los baÃ±os'),(34,26,'son grandes???','1','0','1','Limpieza de los baÃ±os'),(35,27,'Pregunta 1','1','1','0','Grupo 1'),(36,27,'Pregunta 2','0','0','1','Grupo 1'),(37,28,'tienen facebook','1','0','1','redes sociales'),(38,28,'twitter','1','0','1','redes sociales'),(39,28,'','0','1','0','redes sociales'),(40,28,'tienen baÃ±os','1','1','0','limpieza'),(41,29,'Â¿Question 1?','0','1','0','Grupo 01'),(42,30,'cuantas motos tiene ','1','1','0','windows'),(43,30,'quÃ© modelos','1','1','0','windows'),(44,30,'tienen flyers en el mostrador','1','0','1','publicidad'),(45,31,'Â¿Question 1?','0','1','0','Grupo 01'),(46,32,'Â¿Question 1?','0','1','0','Grupo 01'),(47,32,'File attach','0','0','1','Grupo 01'),(48,33,'Â¿Question 1?','0','1','0','Grupo 01'),(49,33,'File attach','0','0','1','Grupo 01'),(50,34,'Â¿Question 1?','0','1','0','Grupo 01'),(51,35,'Â¿Question 1?','0','1','0','Grupo 01'),(52,36,'Question1','0','1','0','Grupooo'),(53,37,NULL,'0','1','0','0'),(54,37,'jaksjdklajdklad','0','1','0','1'),(55,37,NULL,'0','1','0','2'),(56,38,'sdfsdfsdfsdfsd','0','1','0','Grupo1'),(57,39,'asdasdas','0','1','0','dadsd'),(58,40,'Pregunta 1','0','1','0','Grupo1'),(59,40,'','0','1','0','Grupo1'),(60,41,'pregunta 1','0','1','0','grupo 1'),(61,41,'pregunta 2','0','1','0','grupo 1'),(62,42,'Â¿Question 1?','0','1','0','Grupo 01'),(76,54,'pregunta1','0','1','0','grupo1'),(78,56,'holaaa','0','1','0','riri'),(81,60,'Hola Caracola','0','1','0','Intro'),(82,60,'Adios Caracola','0','0','1','Intro'),(83,60,'El que fue a Sevilla','1','1','0','Intro'),(84,60,'Perdio su silla','0','0','1','Intro'),(85,60,'El perro de Roque','0','1','0','Fuera'),(86,60,'No tiene rabo','0','0','1','Fuera'),(87,61,'Hola Caracola','0','1','0','Intro'),(88,61,'Adios Caracola','0','0','1','Intro'),(89,61,'El que fue a Sevilla','1','1','0','Intro'),(90,61,'Perdio su silla','0','0','1','Intro'),(91,61,'El perro de Roque','0','1','0','Fuera'),(92,61,'No tiene rabo','0','0','1','Fuera'),(93,62,'Hola Caracola','0','1','0','Intro'),(94,62,'Adios Caracola','0','0','1','Intro'),(95,62,'El que fue a Sevilla','1','1','0','Intro'),(96,62,'Perdio su silla','0','0','1','Intro'),(97,62,'El perro de Roque','0','1','0','Fuera'),(98,62,'No tiene rabo','0','0','1','Fuera'),(99,63,'Hola Caracola','0','1','0','Intro'),(100,63,'Adios Caracola','0','0','1','Intro'),(101,63,'El que fue a Sevilla','1','1','0','Intro'),(102,63,'Perdio su silla','0','0','1','Intro'),(103,63,'El perro de Roque','0','1','0','Fuera'),(104,63,'No tiene rabo','0','0','1','Fuera'),(105,64,'La 1','0','1','0','HHHHH'),(106,64,'La 2','0','0','1','HHHHH'),(107,64,'La 3','1','1','0','HHHHH'),(108,64,'La 4','1','0','1','HHHHH'),(109,64,'La A','0','1','0','IIIII'),(110,64,'La B','0','0','1','IIIII'),(111,65,'La 1','0','1','0','HHHHH'),(112,65,'La 2','0','0','1','HHHHH'),(113,65,'La 3','1','1','0','HHHHH'),(114,65,'La 4','1','0','1','HHHHH'),(115,65,'La A','0','1','0','IIIII'),(116,65,'La B','0','0','1','IIIII'),(117,66,'La 1','0','1','0','HHHHH'),(118,66,'La 2','0','0','1','HHHHH'),(119,66,'La 3','1','1','0','HHHHH'),(120,66,'La 4','1','0','1','HHHHH'),(121,66,'La A','0','1','0','IIIII'),(122,66,'La B','0','0','1','IIIII'),(123,67,'La 1','0','1','0','HHHHH'),(124,67,'La 2','0','0','1','HHHHH'),(125,67,'La 3','1','1','0','HHHHH'),(126,67,'La 4','1','0','1','HHHHH'),(127,67,'La A','0','1','0','IIIII'),(128,67,'La B','0','0','1','IIIII'),(129,68,'1121','0','1','0','11'),(130,68,'222','0','0','1','11'),(131,68,'3333','1','1','0','11'),(132,68,'5555','1','0','1','11'),(133,68,'11111','0','1','0','22'),(134,68,'33333','0','0','1','22'),(135,69,'1121','0','1','0','11'),(136,69,'222','0','0','1','11'),(137,69,'3333','1','1','0','11'),(138,69,'5555','1','0','1','11'),(139,69,'11111','0','1','0','22'),(140,69,'33333','0','0','1','22'),(141,70,'1121','0','1','0','11'),(142,70,'222','0','0','1','11'),(143,70,'3333','1','1','0','11'),(144,70,'5555','1','0','1','11'),(145,70,'11111','0','1','0','22'),(146,70,'33333','0','0','1','22'),(147,71,'1121','0','1','0','11'),(148,71,'222','0','0','1','11'),(149,71,'3333','1','1','0','11'),(150,71,'5555','1','0','1','11'),(151,71,'11111','0','1','0','22'),(152,71,'33333','0','0','1','22'),(159,73,'1121','0','1','0','11'),(160,73,'222','0','0','1','11'),(161,73,'3333','1','1','0','11'),(162,73,'5555','1','0','1','11'),(163,73,'11111','0','1','0','22'),(164,73,'33333','0','0','1','22'),(165,74,'1121','0','1','0','11'),(166,74,'222','0','0','1','11'),(167,74,'3333','1','1','0','11'),(168,74,'5555','1','0','1','11'),(169,74,'11111','0','1','0','22'),(170,74,'33333','0','0','1','22'),(171,75,'1121','0','1','0','11'),(172,75,'222','0','0','1','11'),(173,75,'3333','1','1','0','11'),(174,75,'5555','1','0','1','11'),(175,75,'11111','0','1','0','22'),(176,75,'33333','0','0','1','22'),(177,76,'1121','0','1','0','11'),(178,76,'222','0','0','1','11'),(179,76,'3333','1','1','0','11'),(180,76,'5555','1','0','1','11'),(181,76,'11111','0','1','0','22'),(182,76,'33333','0','0','1','22'),(183,77,'1121','0','1','0','11'),(184,77,'222','0','0','1','11'),(185,77,'3333','1','1','0','11'),(186,77,'5555','1','0','1','11'),(187,77,'11111','0','1','0','22'),(188,77,'33333','0','0','1','22'),(189,78,'1121','0','1','0','11'),(190,78,'222','0','0','1','11'),(191,78,'3333','1','1','0','11'),(192,78,'5555','1','0','1','11'),(193,78,'11111','0','1','0','22'),(194,78,'33333','0','0','1','22'),(195,79,'1121','0','1','0','11'),(196,79,'222','0','0','1','11'),(197,79,'3333','1','1','0','11'),(198,79,'5555','1','0','1','11'),(199,79,'11111','0','1','0','22'),(200,79,'33333','0','0','1','22'),(201,80,'1121','0','1','0','11'),(202,80,'222','0','0','1','11'),(203,80,'3333','1','1','0','11'),(204,80,'5555','1','0','1','11'),(205,80,'11111','0','1','0','22'),(206,80,'33333','0','0','1','22'),(207,81,'11','0','1','0','AA'),(208,81,'22','0','1','0','AA'),(209,81,'33','0','0','1','AA'),(210,81,'11','0','1','0','bbb'),(211,81,'333','1','0','1','bbb'),(212,82,'es majo??','0','0','1','arkaitz'),(213,82,'se ha cortado el pelo?','0','1','0','arkaitz'),(214,82,'le suenan las tripas?','0','1','0','arkaitz'),(215,83,'es majo??','0','0','1','arkaitz'),(216,83,'se ha cortado el pelo?','0','1','0','arkaitz'),(217,83,'le suenan las tripas?','0','1','0','arkaitz'),(218,84,'dfghdfghdfghdfghdfgh','0','1','0','dfhdfgh'),(219,85,'Pregunta 1','0','1','0','Grupo1'),(220,86,'','0','1','0','sadfsadf'),(221,87,'afsadfasdfasdfasdf','0','1','0','asdfasddfasdfasdfasdf'),(222,88,'asdfasdf','0','1','0','sadfasdfasdf'),(223,89,'asdfasdfasdf','0','1','0','a ver ahora'),(224,90,'sadfasdfasdfasdfasdfasdf','0','1','0','safsadfasdfasdfasfasf'),(225,91,'sadfsafsadfsadfsadfsadf','0','1','0','aasdfsadfsadf'),(226,91,'','0','1','0','aasdfsadfsadf'),(227,92,'sadfsafsadfsadfsadfsadf','0','1','0','aasdfsadfsadf'),(228,92,'','0','1','0','aasdfsadfsadf'),(229,93,'sadfsafsadfsadfsadfsadf','0','1','0','aasdfsadfsadf'),(230,93,'','0','1','0','aasdfsadfsadf'),(231,94,'sadfsafsadfsadfsadfsadf','0','1','0','aasdfsadfsadf'),(232,94,'','0','1','0','aasdfsadfsadf'),(233,95,'sadfsafsadfsadfsadfsadf','0','1','0','aasdfsadfsadf'),(234,95,'','0','1','0','aasdfsadfsadf'),(235,96,'aaaaaaaaaaaaaaaaaaaaaaaaaaaaaaaaaaaaaaaaaaaaaaa','0','1','0','Prueba de vestiÃ³Â´n'),(236,97,'Does the dealer update the sales system?','0','0','1','Harley Sales Questions'),(237,98,'Question 1','1','0','1','Question group 1'),(238,98,'Question 2','1','1','0','Question group 1'),(239,98,'Question 3','1','0','1','Question group 1'),(240,98,'Question 4','1','0','1','Question group 1'),(241,98,'Question 5','1','1','0','Question group 1'),(242,98,'Question 1','1','1','0','Question group 2'),(243,98,'Question 2','1','0','1','Question group 2'),(244,98,'Question 3','1','0','1','Question group 2'),(245,99,'Question 1','1','1','0','Question group 1'),(246,99,'Question 2','1','0','1','Question group 1'),(247,99,'Question 3','1','0','1','Question group 1'),(248,99,'Question 4','1','0','1','Question group 1'),(249,99,'Question 5','1','0','1','Question group 1'),(250,99,'Question 1','1','1','0','Question group 2'),(251,99,'Question 2','1','0','1','Question group 2'),(252,99,'Question 3','1','0','1','Question group 2'),(253,100,'Question 1','1','0','1','Question group 1'),(254,100,'Question 2','1','1','0','Question group 1'),(255,100,'Question 1','1','0','1','Question group 2'),(256,100,'Question 2','1','1','0','Question group 2');
/*!40000 ALTER TABLE `questions` ENABLE KEYS */;
UNLOCK TABLES;

--
-- Table structure for table `sales`
--

DROP TABLE IF EXISTS `sales`;
/*!40101 SET @saved_cs_client     = @@character_set_client */;
/*!40101 SET character_set_client = utf8 */;
CREATE TABLE `sales` (
  `id` int(11) NOT NULL AUTO_INCREMENT,
  `question` varchar(255) DEFAULT NULL,
  `audit_type` varchar(3) DEFAULT NULL,
  `urban` varchar(5) DEFAULT NULL,
  `small` varchar(5) DEFAULT NULL,
  `msmall` varchar(5) DEFAULT NULL,
  `medium` varchar(5) DEFAULT NULL,
  `mlarge` varchar(5) DEFAULT NULL,
  `large` varchar(5) DEFAULT NULL,
  `vlarge` varchar(5) DEFAULT NULL,
  PRIMARY KEY (`id`)
) ENGINE=InnoDB DEFAULT CHARSET=latin1;
/*!40101 SET character_set_client = @saved_cs_client */;

--
-- Dumping data for table `sales`
--

LOCK TABLES `sales` WRITE;
/*!40000 ALTER TABLE `sales` DISABLE KEYS */;
/*!40000 ALTER TABLE `sales` ENABLE KEYS */;
UNLOCK TABLES;

--
-- Table structure for table `users`
--

DROP TABLE IF EXISTS `users`;
/*!40101 SET @saved_cs_client     = @@character_set_client */;
/*!40101 SET character_set_client = utf8 */;
CREATE TABLE `users` (
  `id` int(10) unsigned NOT NULL AUTO_INCREMENT,
  `username` varchar(50) CHARACTER SET latin1 DEFAULT NULL,
  `password` varchar(50) CHARACTER SET latin1 DEFAULT NULL,
  `role` varchar(20) CHARACTER SET latin1 DEFAULT NULL,
  `created` datetime DEFAULT NULL,
  `modified` datetime DEFAULT NULL,
  `group_id` varchar(20) DEFAULT NULL,
  `status` int(1) DEFAULT NULL,
  PRIMARY KEY (`id`)
) ENGINE=InnoDB AUTO_INCREMENT=549 DEFAULT CHARSET=utf8;
/*!40101 SET character_set_client = @saved_cs_client */;

--
-- Dumping data for table `users`
--

LOCK TABLES `users` WRITE;
/*!40000 ALTER TABLE `users` DISABLE KEYS */;
INSERT INTO `users` VALUES (118,'admin','dabc98ad4bb956a0cbd2ce66c49eeddeb9472c12','6','2013-05-15 18:06:43','2013-05-15 18:06:43','25',1),(284,'undefined','af76d29f8bb44f6d60ed8202fca8f5be92e1c639','undefined','2013-06-18 14:26:40','2013-06-18 14:26:40','undefined',0),(285,'undefined','af76d29f8bb44f6d60ed8202fca8f5be92e1c639','undefined','2013-06-18 14:26:46','2013-06-18 14:26:46','undefined',0),(286,'undefined','af76d29f8bb44f6d60ed8202fca8f5be92e1c639','undefined','2013-06-18 14:26:50','2013-06-18 14:26:50','undefined',0),(287,'undefined','af76d29f8bb44f6d60ed8202fca8f5be92e1c639','undefined','2013-06-18 14:26:53','2013-06-18 14:26:53','undefined',0),(288,'undefined','af76d29f8bb44f6d60ed8202fca8f5be92e1c639','undefined','2013-06-18 14:26:58','2013-06-18 14:26:58','undefined',0),(289,'undefined','af76d29f8bb44f6d60ed8202fca8f5be92e1c639','undefined','2013-06-18 14:26:59','2013-06-18 14:26:59','undefined',0),(290,'undefined','af76d29f8bb44f6d60ed8202fca8f5be92e1c639','undefined','2013-06-18 14:27:00','2013-06-18 14:27:00','undefined',0),(291,'undefined','af76d29f8bb44f6d60ed8202fca8f5be92e1c639','undefined','2013-06-18 14:27:05','2013-06-18 14:27:05','undefined',0),(292,'undefined','af76d29f8bb44f6d60ed8202fca8f5be92e1c639','undefined','2013-06-18 14:27:05','2013-06-18 14:27:05','undefined',0),(293,'undefined','af76d29f8bb44f6d60ed8202fca8f5be92e1c639','undefined','2013-06-18 14:27:05','2013-06-18 14:27:05','undefined',0),(294,'undefined','af76d29f8bb44f6d60ed8202fca8f5be92e1c639','undefined','2013-06-18 14:27:05','2013-06-18 14:27:05','undefined',0),(295,'undefined','af76d29f8bb44f6d60ed8202fca8f5be92e1c639','undefined','2013-06-18 14:27:06','2013-06-18 14:27:06','undefined',0),(296,'undefined','af76d29f8bb44f6d60ed8202fca8f5be92e1c639','undefined','2013-06-18 14:27:25','2013-06-18 14:27:25','undefined',0),(297,'undefined','af76d29f8bb44f6d60ed8202fca8f5be92e1c639','undefined','2013-06-18 14:27:27','2013-06-18 14:27:27','undefined',0),(298,'undefined','af76d29f8bb44f6d60ed8202fca8f5be92e1c639','undefined','2013-06-18 14:28:20','2013-06-18 14:28:20','undefined',0),(299,'undefined','af76d29f8bb44f6d60ed8202fca8f5be92e1c639','undefined','2013-06-18 14:28:22','2013-06-18 14:28:22','undefined',0),(300,'undefined','af76d29f8bb44f6d60ed8202fca8f5be92e1c639','undefined','2013-06-18 14:28:22','2013-06-18 14:28:22','undefined',0),(301,'undefined','af76d29f8bb44f6d60ed8202fca8f5be92e1c639','undefined','2013-06-18 14:28:23','2013-06-18 14:28:23','undefined',0),(302,'undefined','af76d29f8bb44f6d60ed8202fca8f5be92e1c639','undefined','2013-06-18 14:31:11','2013-06-18 14:31:11','undefined',0),(303,'undefined','af76d29f8bb44f6d60ed8202fca8f5be92e1c639','undefined','2013-06-18 14:31:12','2013-06-18 14:31:12','undefined',0),(304,'undefined','af76d29f8bb44f6d60ed8202fca8f5be92e1c639','undefined','2013-06-18 14:31:14','2013-06-18 14:31:14','undefined',0),(305,'undefined','af76d29f8bb44f6d60ed8202fca8f5be92e1c639','undefined','2013-06-18 14:31:14','2013-06-18 14:31:14','undefined',0),(306,'undefined','af76d29f8bb44f6d60ed8202fca8f5be92e1c639','undefined','2013-06-18 14:37:22','2013-06-18 14:37:22','undefined',0),(307,'undefined','af76d29f8bb44f6d60ed8202fca8f5be92e1c639','undefined','2013-06-18 14:37:31','2013-06-18 14:37:31','undefined',0),(309,'undefined','af76d29f8bb44f6d60ed8202fca8f5be92e1c639','undefined','2013-07-02 03:42:40','2013-07-02 03:42:40','470',0),(310,'undefined','af76d29f8bb44f6d60ed8202fca8f5be92e1c639','undefined','2013-07-02 03:42:49','2013-07-02 03:42:49','470',0),(311,'undefined','af76d29f8bb44f6d60ed8202fca8f5be92e1c639','undefined','2013-07-02 03:42:53','2013-07-02 03:42:53','470',0),(312,'undefined','af76d29f8bb44f6d60ed8202fca8f5be92e1c639','undefined','2013-07-02 03:43:01','2013-07-02 03:43:01','470',0),(323,'undefined','af76d29f8bb44f6d60ed8202fca8f5be92e1c639','undefined','2013-07-02 04:27:03','2013-07-02 04:27:03','480',0),(324,'undefined','af76d29f8bb44f6d60ed8202fca8f5be92e1c639','undefined','2013-07-02 04:28:12','2013-07-02 04:28:12','480',0),(325,'undefined','af76d29f8bb44f6d60ed8202fca8f5be92e1c639','undefined','2013-07-02 04:32:42','2013-07-02 04:32:42','480',0),(326,'undefined','af76d29f8bb44f6d60ed8202fca8f5be92e1c639','undefined','2013-07-02 07:37:26','2013-07-02 07:37:26','439',0),(327,'undefined','af76d29f8bb44f6d60ed8202fca8f5be92e1c639','undefined','2013-07-02 07:37:36','2013-07-02 07:37:36','439',0),(328,'undefined','af76d29f8bb44f6d60ed8202fca8f5be92e1c639','undefined','2013-07-02 07:37:45','2013-07-02 07:37:45','439',0),(329,'undefined','af76d29f8bb44f6d60ed8202fca8f5be92e1c639','undefined','2013-07-02 07:39:46','2013-07-02 07:39:46','480',0),(330,'undefined','af76d29f8bb44f6d60ed8202fca8f5be92e1c639','undefined','2013-07-02 07:39:51','2013-07-02 07:39:51','480',0),(331,'undefined','af76d29f8bb44f6d60ed8202fca8f5be92e1c639','undefined','2013-07-02 07:39:57','2013-07-02 07:39:57','480',0),(335,'undefined','af76d29f8bb44f6d60ed8202fca8f5be92e1c639','undefined','2013-07-03 03:30:47','2013-07-03 03:30:47','480',0),(336,'undefined','af76d29f8bb44f6d60ed8202fca8f5be92e1c639','undefined','2013-07-17 14:04:16','2013-07-17 14:04:16','443,444',0),(339,'rzaldivar','95b2617cb12b587f9e98fe1b602ee1b6475ff064','2','2013-07-24 12:53:03','2013-07-24 12:53:03','315',1),(341,'FSILVEYRA','a0fdb99338367224ed068e8ab929d80d51d145a3','6','2013-07-24 13:43:38','2013-07-24 13:43:38','440',1),(345,'undefined','af76d29f8bb44f6d60ed8202fca8f5be92e1c639','undefined','2013-07-24 14:21:21','2013-07-24 14:21:21','26',0),(346,'undefined','af76d29f8bb44f6d60ed8202fca8f5be92e1c639','undefined','2013-07-24 14:45:53','2013-07-24 14:45:53','443',0),(347,'undefined','af76d29f8bb44f6d60ed8202fca8f5be92e1c639','undefined','2013-07-24 14:59:11','2013-07-24 14:59:11','315',0),(348,'undefined','af76d29f8bb44f6d60ed8202fca8f5be92e1c639','undefined','2013-07-24 15:00:45','2013-07-24 15:00:45','315',0),(349,'undefined','af76d29f8bb44f6d60ed8202fca8f5be92e1c639','undefined','2013-07-24 15:00:53','2013-07-24 15:00:53','313',0),(350,'undefined','af76d29f8bb44f6d60ed8202fca8f5be92e1c639','undefined','2013-07-24 15:03:59','2013-07-24 15:03:59','313',0),(351,'undefined','af76d29f8bb44f6d60ed8202fca8f5be92e1c639','undefined','2013-07-24 15:07:46','2013-07-24 15:07:46','313',0),(352,'undefined','af76d29f8bb44f6d60ed8202fca8f5be92e1c639','undefined','2013-07-24 15:09:08','2013-07-24 15:09:08','313',0),(353,'fsilveyra','85323c581cfaff4f94938540cb301f67b3779bdc','4','2013-07-24 15:18:54','2013-09-11 09:43:31','313',1),(354,'undefined','af76d29f8bb44f6d60ed8202fca8f5be92e1c639','undefined','2013-07-24 15:22:45','2013-07-24 15:22:45','315',0),(355,'undefined','af76d29f8bb44f6d60ed8202fca8f5be92e1c639','undefined','2013-07-24 15:41:23','2013-07-24 15:41:23','313',0),(356,'amiguel','2a827cd53ee24dee4f0f815538752b7c72f98a6f','6','2013-07-25 16:50:43','2013-07-25 16:50:43','26',0),(357,'amiguel','85f990aab988afed8d2ea8c20a58cff252267b9e','6','2013-07-25 16:53:33','2013-07-25 16:56:55','439',1),(358,'iisusi','5cd21c598e6d69eb73fe020cf31cdcabe413c7b0','6','2013-07-25 16:55:16','2013-07-25 16:55:16','439',1),(359,'berdoca1','604a31a0d7ffe1676961161e9b4e946df688c230','2','2013-09-10 11:51:11','2013-09-10 11:51:11','443,444,445,446,447,',1),(360,'isusii','604a31a0d7ffe1676961161e9b4e946df688c230','6','2013-09-10 11:52:09','2013-09-10 11:52:09','35,36,37,38,39,40,41',1),(361,'undefined','af76d29f8bb44f6d60ed8202fca8f5be92e1c639','undefined','2013-09-10 11:57:54','2013-09-10 11:57:54','471,472,473,474,475,',0),(362,'undefined','af76d29f8bb44f6d60ed8202fca8f5be92e1c639','undefined','2013-09-10 11:58:06','2013-09-10 11:58:06','471,472,473,474,475,',0),(363,'undefined','af76d29f8bb44f6d60ed8202fca8f5be92e1c639','undefined','2013-09-10 11:58:07','2013-09-10 11:58:07','471,472,473,474,475,',0),(364,'undefined','af76d29f8bb44f6d60ed8202fca8f5be92e1c639','undefined','2013-09-10 11:58:08','2013-09-10 11:58:08','471,472,473,474,475,',0),(365,'undefined','af76d29f8bb44f6d60ed8202fca8f5be92e1c639','undefined','2013-09-10 11:58:12','2013-09-10 11:58:12','471,472,473,474,475,',0),(366,'undefined','af76d29f8bb44f6d60ed8202fca8f5be92e1c639','undefined','2013-09-10 11:58:13','2013-09-10 11:58:13','471,472,473,474,475,',0),(367,'undefined','af76d29f8bb44f6d60ed8202fca8f5be92e1c639','undefined','2013-09-10 11:58:14','2013-09-10 11:58:14','471,472,473,474,475,',0),(368,'undefined','af76d29f8bb44f6d60ed8202fca8f5be92e1c639','undefined','2013-09-10 11:58:34','2013-09-10 11:58:34','25',0),(369,'undefined','af76d29f8bb44f6d60ed8202fca8f5be92e1c639','undefined','2013-09-10 12:02:05','2013-09-10 12:02:05','443,444,445,446,447,',0),(370,'undefined','af76d29f8bb44f6d60ed8202fca8f5be92e1c639','undefined','2013-09-10 12:02:06','2013-09-10 12:02:06','443,444,445,446,447,',0),(371,'undefined','af76d29f8bb44f6d60ed8202fca8f5be92e1c639','undefined','2013-09-10 12:02:07','2013-09-10 12:02:07','443,444,445,446,447,',0),(372,'undefined','af76d29f8bb44f6d60ed8202fca8f5be92e1c639','undefined','2013-09-10 12:02:12','2013-09-10 12:02:12','443,444,445,446,447,',0),(373,'undefined','af76d29f8bb44f6d60ed8202fca8f5be92e1c639','undefined','2013-09-10 12:02:12','2013-09-10 12:02:12','443,444,445,446,447,',0),(374,'undefined','af76d29f8bb44f6d60ed8202fca8f5be92e1c639','undefined','2013-09-10 12:02:12','2013-09-10 12:02:12','443,444,445,446,447,',0),(375,'undefined','af76d29f8bb44f6d60ed8202fca8f5be92e1c639','undefined','2013-09-10 12:02:13','2013-09-10 12:02:13','443,444,445,446,447,',0),(376,'undefined','af76d29f8bb44f6d60ed8202fca8f5be92e1c639','undefined','2013-09-10 12:02:13','2013-09-10 12:02:13','443,444,445,446,447,',0),(377,'undefined','af76d29f8bb44f6d60ed8202fca8f5be92e1c639','undefined','2013-09-10 12:02:14','2013-09-10 12:02:14','443,444,445,446,447,',0),(378,'undefined','af76d29f8bb44f6d60ed8202fca8f5be92e1c639','undefined','2013-09-10 12:02:14','2013-09-10 12:02:14','443,444,445,446,447,',0),(379,'undefined','af76d29f8bb44f6d60ed8202fca8f5be92e1c639','undefined','2013-09-10 12:02:14','2013-09-10 12:02:14','443,444,445,446,447,',0),(380,'undefined','af76d29f8bb44f6d60ed8202fca8f5be92e1c639','undefined','2013-09-10 12:02:15','2013-09-10 12:02:15','443,444,445,446,447,',0),(381,'undefined','af76d29f8bb44f6d60ed8202fca8f5be92e1c639','undefined','2013-09-10 12:02:15','2013-09-10 12:02:15','443,444,445,446,447,',0),(382,'undefined','af76d29f8bb44f6d60ed8202fca8f5be92e1c639','undefined','2013-09-10 12:02:16','2013-09-10 12:02:16','443,444,445,446,447,',0),(383,'undefined','af76d29f8bb44f6d60ed8202fca8f5be92e1c639','undefined','2013-09-10 12:02:16','2013-09-10 12:02:16','443,444,445,446,447,',0),(384,'undefined','af76d29f8bb44f6d60ed8202fca8f5be92e1c639','undefined','2013-09-10 12:02:16','2013-09-10 12:02:16','443,444,445,446,447,',0),(385,'undefined','af76d29f8bb44f6d60ed8202fca8f5be92e1c639','undefined','2013-09-10 12:02:17','2013-09-10 12:02:17','443,444,445,446,447,',0),(386,'undefined','af76d29f8bb44f6d60ed8202fca8f5be92e1c639','undefined','2013-09-10 12:02:17','2013-09-10 12:02:17','443,444,445,446,447,',0),(387,'undefined','af76d29f8bb44f6d60ed8202fca8f5be92e1c639','undefined','2013-09-10 12:14:49','2013-09-10 12:14:49','35,36,37,38,39,40,41',0),(388,'arkaitz','74dc07ad1fcc5c62c6e75d7510f2cf2aa5dc2d18','4','2013-09-11 07:26:38','2013-09-11 07:26:38','25',1),(389,'undefined','af76d29f8bb44f6d60ed8202fca8f5be92e1c639','undefined','2013-09-11 07:38:58','2013-09-11 07:38:58','27',0),(390,'undefined','af76d29f8bb44f6d60ed8202fca8f5be92e1c639','undefined','2013-09-11 07:44:35','2013-09-11 07:44:35','313',0),(391,'undefined','af76d29f8bb44f6d60ed8202fca8f5be92e1c639','undefined','2013-09-11 07:44:42','2013-09-11 07:44:42','313',0),(392,'undefined','af76d29f8bb44f6d60ed8202fca8f5be92e1c639','undefined','2013-09-11 07:46:26','2013-09-11 07:46:26','50',0),(393,'undefined','af76d29f8bb44f6d60ed8202fca8f5be92e1c639','undefined','2013-09-11 07:46:32','2013-09-11 07:46:32','50',0),(394,'undefined','af76d29f8bb44f6d60ed8202fca8f5be92e1c639','undefined','2013-09-11 07:46:32','2013-09-11 07:46:32','50',0),(395,'undefined','af76d29f8bb44f6d60ed8202fca8f5be92e1c639','undefined','2013-09-11 07:46:33','2013-09-11 07:46:33','50',0),(396,'undefined','af76d29f8bb44f6d60ed8202fca8f5be92e1c639','undefined','2013-09-11 07:46:33','2013-09-11 07:46:33','50',0),(397,'undefined','af76d29f8bb44f6d60ed8202fca8f5be92e1c639','undefined','2013-09-11 07:48:39','2013-09-11 07:48:39','25',0),(398,'undefined','af76d29f8bb44f6d60ed8202fca8f5be92e1c639','undefined','2013-09-11 07:48:49','2013-09-11 07:48:49','27',0),(399,'undefined','af76d29f8bb44f6d60ed8202fca8f5be92e1c639','undefined','2013-09-11 07:48:51','2013-09-11 07:48:51','27',0),(400,'undefined','af76d29f8bb44f6d60ed8202fca8f5be92e1c639','undefined','2013-09-11 07:48:51','2013-09-11 07:48:51','27',0),(401,'undefined','af76d29f8bb44f6d60ed8202fca8f5be92e1c639','undefined','2013-09-11 07:49:10','2013-09-11 07:49:10','443',0),(402,'undefined','af76d29f8bb44f6d60ed8202fca8f5be92e1c639','undefined','2013-09-11 07:50:06','2013-09-11 07:50:06','443',0),(403,'undefined','af76d29f8bb44f6d60ed8202fca8f5be92e1c639','undefined','2013-09-11 07:51:54','2013-09-11 07:51:54','444',0),(404,'undefined','af76d29f8bb44f6d60ed8202fca8f5be92e1c639','undefined','2013-09-11 07:51:57','2013-09-11 07:51:57','444',0),(405,'undefined','af76d29f8bb44f6d60ed8202fca8f5be92e1c639','undefined','2013-09-11 07:52:10','2013-09-11 07:52:10','444',0),(406,'undefined','af76d29f8bb44f6d60ed8202fca8f5be92e1c639','undefined','2013-09-11 07:53:42','2013-09-11 07:53:42','443',0),(407,'undefined','af76d29f8bb44f6d60ed8202fca8f5be92e1c639','undefined','2013-09-11 09:23:48','2013-09-11 09:23:48','406',0),(408,'undefined','af76d29f8bb44f6d60ed8202fca8f5be92e1c639','undefined','2013-09-11 09:23:55','2013-09-11 09:23:55','406',0),(409,'undefined','af76d29f8bb44f6d60ed8202fca8f5be92e1c639','undefined','2013-09-11 09:24:13','2013-09-11 09:24:13','406',0),(410,'undefined','af76d29f8bb44f6d60ed8202fca8f5be92e1c639','undefined','2013-09-11 09:24:13','2013-09-11 09:24:13','406',0),(411,'undefined','af76d29f8bb44f6d60ed8202fca8f5be92e1c639','undefined','2013-09-11 09:24:14','2013-09-11 09:24:14','406',0),(412,'undefined','af76d29f8bb44f6d60ed8202fca8f5be92e1c639','undefined','2013-09-11 09:24:16','2013-09-11 09:24:16','406',0),(413,'undefined','af76d29f8bb44f6d60ed8202fca8f5be92e1c639','undefined','2013-09-11 09:24:17','2013-09-11 09:24:17','406',0),(414,'undefined','af76d29f8bb44f6d60ed8202fca8f5be92e1c639','undefined','2013-09-11 09:24:20','2013-09-11 09:24:20','406',0),(415,'undefined','af76d29f8bb44f6d60ed8202fca8f5be92e1c639','undefined','2013-09-11 09:24:21','2013-09-11 09:24:21','406',0),(416,'undefined','af76d29f8bb44f6d60ed8202fca8f5be92e1c639','undefined','2013-09-11 09:24:21','2013-09-11 09:24:21','406',0),(417,'undefined','af76d29f8bb44f6d60ed8202fca8f5be92e1c639','undefined','2013-09-11 09:24:28','2013-09-11 09:24:28','406',0),(418,'undefined','af76d29f8bb44f6d60ed8202fca8f5be92e1c639','undefined','2013-09-11 09:24:37','2013-09-11 09:24:37','406',0),(419,'undefined','af76d29f8bb44f6d60ed8202fca8f5be92e1c639','undefined','2013-09-11 09:24:50','2013-09-11 09:24:50','406',0),(420,'undefined','af76d29f8bb44f6d60ed8202fca8f5be92e1c639','undefined','2013-09-11 09:24:57','2013-09-11 09:24:57','407',0),(421,'undefined','af76d29f8bb44f6d60ed8202fca8f5be92e1c639','undefined','2013-09-11 09:25:06','2013-09-11 09:25:06','407',0),(422,'undefined','af76d29f8bb44f6d60ed8202fca8f5be92e1c639','undefined','2013-09-11 09:28:47','2013-09-11 09:28:47','440',0),(423,'undefined','af76d29f8bb44f6d60ed8202fca8f5be92e1c639','undefined','2013-09-11 09:29:54','2013-09-11 09:29:54','406',0),(424,'undefined','af76d29f8bb44f6d60ed8202fca8f5be92e1c639','undefined','2013-09-11 09:30:21','2013-09-11 09:30:21','440',0),(425,'undefined','af76d29f8bb44f6d60ed8202fca8f5be92e1c639','undefined','2013-09-11 09:31:26','2013-09-11 09:31:26','25',0),(426,'undefined','af76d29f8bb44f6d60ed8202fca8f5be92e1c639','undefined','2013-09-11 09:31:34','2013-09-11 09:31:34','25',0),(427,'undefined','af76d29f8bb44f6d60ed8202fca8f5be92e1c639','undefined','2013-09-11 09:44:19','2013-09-11 09:44:19','315',0),(428,'undefined','af76d29f8bb44f6d60ed8202fca8f5be92e1c639','undefined','2013-09-11 09:57:49','2013-09-11 09:57:49','27',0),(429,'undefined','af76d29f8bb44f6d60ed8202fca8f5be92e1c639','undefined','2013-09-11 09:57:53','2013-09-11 09:57:53','27',0),(430,'undefined','af76d29f8bb44f6d60ed8202fca8f5be92e1c639','undefined','2013-09-11 09:58:10','2013-09-11 09:58:10','27',0),(431,'undefined','af76d29f8bb44f6d60ed8202fca8f5be92e1c639','undefined','2013-09-11 09:58:24','2013-09-11 09:58:24','27',0),(432,'undefined','af76d29f8bb44f6d60ed8202fca8f5be92e1c639','undefined','2013-09-11 09:58:35','2013-09-11 09:58:35','27',0),(433,'undefined','af76d29f8bb44f6d60ed8202fca8f5be92e1c639','undefined','2013-09-11 09:59:06','2013-09-11 09:59:06','27',0),(434,'undefined','af76d29f8bb44f6d60ed8202fca8f5be92e1c639','undefined','2013-09-11 09:59:23','2013-09-11 09:59:23','27',0),(435,'undefined','af76d29f8bb44f6d60ed8202fca8f5be92e1c639','undefined','2013-09-11 09:59:30','2013-09-11 09:59:30','443',0),(436,'undefined','af76d29f8bb44f6d60ed8202fca8f5be92e1c639','undefined','2013-09-11 09:59:37','2013-09-11 09:59:37','443',0),(437,'undefined','af76d29f8bb44f6d60ed8202fca8f5be92e1c639','undefined','2013-09-11 09:59:38','2013-09-11 09:59:38','443',0),(438,'undefined','af76d29f8bb44f6d60ed8202fca8f5be92e1c639','undefined','2013-09-11 09:59:47','2013-09-11 09:59:47','253',0),(439,'undefined','af76d29f8bb44f6d60ed8202fca8f5be92e1c639','undefined','2013-09-11 09:59:49','2013-09-11 09:59:49','253',0),(440,'undefined','af76d29f8bb44f6d60ed8202fca8f5be92e1c639','undefined','2013-09-11 09:59:50','2013-09-11 09:59:50','253',0),(441,'undefined','af76d29f8bb44f6d60ed8202fca8f5be92e1c639','undefined','2013-09-11 10:00:05','2013-09-11 10:00:05','253',0),(442,'undefined','af76d29f8bb44f6d60ed8202fca8f5be92e1c639','undefined','2013-09-11 10:00:06','2013-09-11 10:00:06','253',0),(443,'undefined','af76d29f8bb44f6d60ed8202fca8f5be92e1c639','undefined','2013-09-11 10:00:54','2013-09-11 10:00:54','28',0),(444,'undefined','af76d29f8bb44f6d60ed8202fca8f5be92e1c639','undefined','2013-09-11 10:01:07','2013-09-11 10:01:07','28',0),(445,'undefined','af76d29f8bb44f6d60ed8202fca8f5be92e1c639','undefined','2013-09-11 10:01:12','2013-09-11 10:01:12','28',0),(446,'undefined','af76d29f8bb44f6d60ed8202fca8f5be92e1c639','undefined','2013-09-11 10:01:16','2013-09-11 10:01:16','28',0),(447,'undefined','af76d29f8bb44f6d60ed8202fca8f5be92e1c639','undefined','2013-09-11 10:01:19','2013-09-11 10:01:19','28',0),(448,'undefined','af76d29f8bb44f6d60ed8202fca8f5be92e1c639','undefined','2013-09-11 10:01:37','2013-09-11 10:01:37','28',0),(449,'undefined','af76d29f8bb44f6d60ed8202fca8f5be92e1c639','undefined','2013-09-11 10:01:55','2013-09-11 10:01:55','28',0),(450,'undefined','af76d29f8bb44f6d60ed8202fca8f5be92e1c639','undefined','2013-09-11 10:03:46','2013-09-11 10:03:46','440',0),(451,'undefined','af76d29f8bb44f6d60ed8202fca8f5be92e1c639','undefined','2013-09-11 10:05:40','2013-09-11 10:05:40','27',0),(452,'undefined','af76d29f8bb44f6d60ed8202fca8f5be92e1c639','undefined','2013-09-11 10:12:34','2013-09-11 10:12:34','28',0),(453,'undefined','af76d29f8bb44f6d60ed8202fca8f5be92e1c639','undefined','2013-09-11 10:12:36','2013-09-11 10:12:36','28',0),(454,'undefined','af76d29f8bb44f6d60ed8202fca8f5be92e1c639','undefined','2013-09-11 10:12:36','2013-09-11 10:12:36','28',0),(455,'undefined','af76d29f8bb44f6d60ed8202fca8f5be92e1c639','undefined','2013-09-11 11:32:16','2013-09-11 11:32:16','313',0),(456,'undefined','af76d29f8bb44f6d60ed8202fca8f5be92e1c639','undefined','2013-09-11 11:34:18','2013-09-11 11:34:18','439',0),(457,'undefined','af76d29f8bb44f6d60ed8202fca8f5be92e1c639','undefined','2013-09-11 11:36:24','2013-09-11 11:36:24','440',0),(458,'undefined','af76d29f8bb44f6d60ed8202fca8f5be92e1c639','undefined','2013-09-11 11:40:05','2013-09-11 11:40:05','445',0),(459,'undefined','af76d29f8bb44f6d60ed8202fca8f5be92e1c639','undefined','2013-09-11 11:40:10','2013-09-11 11:40:10','445',0),(460,'undefined','af76d29f8bb44f6d60ed8202fca8f5be92e1c639','undefined','2013-09-12 04:04:21','2013-09-12 04:04:21','268',0),(461,'undefined','af76d29f8bb44f6d60ed8202fca8f5be92e1c639','undefined','2013-09-12 04:04:30','2013-09-12 04:04:30','268',0),(462,'undefined','af76d29f8bb44f6d60ed8202fca8f5be92e1c639','undefined','2013-09-12 04:04:38','2013-09-12 04:04:38','268',0),(463,'undefined','af76d29f8bb44f6d60ed8202fca8f5be92e1c639','undefined','2013-09-12 04:04:46','2013-09-12 04:04:46','268',0),(464,'undefined','af76d29f8bb44f6d60ed8202fca8f5be92e1c639','undefined','2013-09-12 04:05:02','2013-09-12 04:05:02','204',0),(465,'undefined','af76d29f8bb44f6d60ed8202fca8f5be92e1c639','undefined','2013-09-12 04:05:20','2013-09-12 04:05:20','204',0),(466,'undefined','af76d29f8bb44f6d60ed8202fca8f5be92e1c639','undefined','2013-09-12 04:05:24','2013-09-12 04:05:24','204',0),(467,'undefined','af76d29f8bb44f6d60ed8202fca8f5be92e1c639','undefined','2013-09-16 05:21:56','2013-09-16 05:21:56','25',0),(468,'undefined','af76d29f8bb44f6d60ed8202fca8f5be92e1c639','undefined','2013-09-16 05:22:34','2013-09-16 05:22:34','202',0),(469,'undefined','af76d29f8bb44f6d60ed8202fca8f5be92e1c639','undefined','2013-09-16 05:22:39','2013-09-16 05:22:39','202',0),(470,'undefined','af76d29f8bb44f6d60ed8202fca8f5be92e1c639','undefined','2013-09-16 05:22:53','2013-09-16 05:22:53','202',0),(471,'undefined','af76d29f8bb44f6d60ed8202fca8f5be92e1c639','undefined','2013-09-16 05:22:59','2013-09-16 05:22:59','202',0),(472,'iisusi','604a31a0d7ffe1676961161e9b4e946df688c230','6','2013-09-24 16:53:54','2013-09-24 16:53:54','35',1),(473,'iisusi','604a31a0d7ffe1676961161e9b4e946df688c230','6','2013-09-24 16:56:06','2013-09-24 16:56:06','25',1),(474,'undefined','af76d29f8bb44f6d60ed8202fca8f5be92e1c639','undefined','2013-09-24 17:00:07','2013-09-24 17:00:07','26,439,495,730',0),(476,'Inaki2','604a31a0d7ffe1676961161e9b4e946df688c230','4','2013-09-24 17:57:32','2013-09-24 17:57:32','443',1),(477,'inaki1','604a31a0d7ffe1676961161e9b4e946df688c230','4','2013-09-24 18:04:39','2013-09-24 18:04:39','478',1),(478,'AdrianaCastro','9fd54886ead0c24605e1f8def1a7a29ac12385de','6','2013-10-02 16:58:52','2013-10-02 16:58:52','439',0),(479,'AdrianaCastro','2b724799c409601019c8c736513690dbba1edd27','6','2013-10-02 16:59:45','2013-10-02 16:59:45','439',0),(480,'AdrianaCastro','2b724799c409601019c8c736513690dbba1edd27','6','2013-10-02 16:59:50','2013-10-02 16:59:50','439',0),(481,'AdrianaCastro','2b724799c409601019c8c736513690dbba1edd27','6','2013-10-02 16:59:50','2013-10-02 16:59:50','439',0),(482,'AdrianaCastro','2b724799c409601019c8c736513690dbba1edd27','6','2013-10-02 16:59:50','2013-10-02 16:59:50','439',0),(483,'ACastro','2477eea8c207aa6536fbf3921ba5ae65c7b57e76','6','2013-10-02 17:00:30','2013-10-02 17:00:30','439',1),(484,'Acastro','55cc25bbeef000f20603b161675616ea6b7ca121','6','2013-10-02 17:02:01','2013-10-02 17:02:01','439',0),(485,'Acastro','55cc25bbeef000f20603b161675616ea6b7ca121','6','2013-10-02 17:02:08','2013-10-02 17:02:08','439',0),(486,'Acastro','55cc25bbeef000f20603b161675616ea6b7ca121','6','2013-10-02 17:02:15','2013-10-02 17:02:15','439',0),(487,'Acastro','55cc25bbeef000f20603b161675616ea6b7ca121','6','2013-10-02 17:02:15','2013-10-02 17:02:15','439',0),(488,'Acastro','55cc25bbeef000f20603b161675616ea6b7ca121','6','2013-10-02 17:02:21','2013-10-02 17:02:21','439',0),(489,'Acastro','3dd4e377d4b2be75a1ab981f2c6f450b1476e54f','6','2013-10-02 17:02:26','2013-10-02 17:02:26','439',0),(490,'acastro','d20f22fbbfe38b3a47ae29048ae6722e17e4a68f','6','2013-10-02 17:02:55','2013-10-02 17:02:55','439',1),(491,'acastro','67ca11b4a6ebffb35dc8a3f1f137dd2cc943013d','6','2013-10-02 17:03:40','2013-10-02 17:03:40','439',0),(492,'Acastro','e45a23d29f5873282303ce487d733b9ab881b5e9','6','2013-10-02 17:07:08','2013-10-02 17:07:08','439',0),(494,'amiguel','27a1f20a0fadc4ebadd4e103ad21d261be62d7f8','6','2013-10-02 17:11:11','2013-10-02 17:11:11','439',1),(495,'amiguel','27a1f20a0fadc4ebadd4e103ad21d261be62d7f8','6','2013-10-02 17:11:21','2013-10-02 17:11:21','439',1),(496,'amiguel','27a1f20a0fadc4ebadd4e103ad21d261be62d7f8','6','2013-10-02 17:11:21','2013-10-02 17:11:21','439',1),(497,'amiguel','27a1f20a0fadc4ebadd4e103ad21d261be62d7f8','6','2013-10-02 17:11:21','2013-10-02 17:11:21','439',1),(498,'amiguel','d2712067f3c243a954e5450b2202d2eb70c9b1d3','6','2013-10-02 17:19:30','2013-10-02 17:19:30','439',0),(499,'amiguel','d2712067f3c243a954e5450b2202d2eb70c9b1d3','6','2013-10-02 17:19:35','2013-10-02 17:19:35','439',0),(500,'amiguel','d3e9d85f7178b8c5ed5742188e92d6dabc2f7dd3','6','2013-10-02 17:21:10','2013-10-02 17:21:10','439',1),(501,'amiguel','9bc33f9298a566fd5ca65979b306b96a64c7d40b','6','2013-10-02 17:34:08','2013-10-02 17:34:08','439',1),(502,'amiguel','9bc33f9298a566fd5ca65979b306b96a64c7d40b','6','2013-10-02 17:34:12','2013-10-02 17:34:12','439',1),(503,'amiguel','9bc33f9298a566fd5ca65979b306b96a64c7d40b','6','2013-10-02 17:34:12','2013-10-02 17:34:12','439',1),(504,'amiguel','9bc33f9298a566fd5ca65979b306b96a64c7d40b','6','2013-10-02 17:34:12','2013-10-02 17:34:12','439',1),(508,'arki3','6c47357c267cbcb10f10cdafd676b4b05bbf01d5','6','2013-10-03 12:26:49','2013-10-03 12:26:49','439',1),(509,'undefined','af76d29f8bb44f6d60ed8202fca8f5be92e1c639','undefined','2013-10-04 06:03:07','2013-10-04 06:03:07','26',0),(510,'undefined','af76d29f8bb44f6d60ed8202fca8f5be92e1c639','undefined','2013-10-04 06:03:40','2013-10-04 06:03:40','25',0),(511,'undefined','af76d29f8bb44f6d60ed8202fca8f5be92e1c639','undefined','2013-10-04 06:03:45','2013-10-04 06:03:45','25',0),(512,'undefined','af76d29f8bb44f6d60ed8202fca8f5be92e1c639','undefined','2013-10-04 06:03:49','2013-10-04 06:03:49','26',0),(513,'undefined','af76d29f8bb44f6d60ed8202fca8f5be92e1c639','undefined','2013-10-07 12:55:14','2013-10-07 12:55:14','26',0),(514,'undefined','af76d29f8bb44f6d60ed8202fca8f5be92e1c639','undefined','2013-10-07 12:55:35','2013-10-07 12:55:35','410',0),(515,'undefined','af76d29f8bb44f6d60ed8202fca8f5be92e1c639','undefined','2013-10-07 13:01:05','2013-10-07 13:01:05','410',0),(516,'Ricardo','85323c581cfaff4f94938540cb301f67b3779bdc','2','2013-10-08 05:57:49','2013-10-10 05:56:33','443,444,445,446,447,',1),(517,'Nivel 1','a0d7f16f5c44bc133462b9f9408f944716c1675a','1','2013-10-08 06:35:18','2013-10-10 11:27:52','326',1),(518,'Nivel 2','3d1991b41fbfa4a39fb18c38832d6971e7656c69','2','2013-10-08 07:15:55','2013-10-08 07:15:55','323,326,332',1),(519,'Nivel 3','a0d7f16f5c44bc133462b9f9408f944716c1675a','3','2013-10-08 07:29:46','2013-10-10 11:21:20','34,254',1),(520,'Nivel 4','e1a61bbea7a89853780da6afec536bc9901ffc3e','4','2013-10-08 07:50:30','2013-10-08 08:03:14','26',1),(521,'Nivel 3 - desde 4','a0d7f16f5c44bc133462b9f9408f944716c1675a','3','2013-10-08 09:22:25','2013-10-08 09:27:27','25',1),(522,'Nombre','95f0314b3e87f7ffe837632b25537dc36384d644','2','2013-10-08 11:34:24','2013-10-08 11:34:24','26',1),(523,'Nombre','95f0314b3e87f7ffe837632b25537dc36384d644','2','2013-10-08 11:34:28','2013-10-08 11:34:28','26',1),(524,'Nombre','95f0314b3e87f7ffe837632b25537dc36384d644','2','2013-10-08 11:34:32','2013-10-08 11:34:32','26',1),(525,'Nombre','95f0314b3e87f7ffe837632b25537dc36384d644','2','2013-10-08 11:34:57','2013-10-08 11:34:57','314',1),(526,'Nombre','95f0314b3e87f7ffe837632b25537dc36384d644','2','2013-10-08 11:35:01','2013-10-08 11:35:01','314',1),(527,'Nombre','95f0314b3e87f7ffe837632b25537dc36384d644','2','2013-10-08 11:35:02','2013-10-08 11:35:02','314',1),(528,'Nombre','95f0314b3e87f7ffe837632b25537dc36384d644','2','2013-10-08 11:35:02','2013-10-08 11:35:02','314',1),(529,'Nombre','95f0314b3e87f7ffe837632b25537dc36384d644','2','2013-10-08 11:35:02','2013-10-08 11:35:02','314',1),(530,'Nombre','95f0314b3e87f7ffe837632b25537dc36384d644','4','2013-10-08 11:35:17','2013-10-08 11:35:17','26',1),(531,'Nombre','95f0314b3e87f7ffe837632b25537dc36384d644','4','2013-10-08 11:35:19','2013-10-08 11:35:19','26',1),(532,'Nombre','95f0314b3e87f7ffe837632b25537dc36384d644','4','2013-10-08 11:35:29','2013-10-08 11:35:29','26',1),(533,'Nombre','95f0314b3e87f7ffe837632b25537dc36384d644','4','2013-10-08 11:35:35','2013-10-08 11:35:35','27',1),(534,'Nombre','95f0314b3e87f7ffe837632b25537dc36384d644','3','2013-10-08 11:35:49','2013-10-08 11:35:49','27',1),(535,'Nombre','95f0314b3e87f7ffe837632b25537dc36384d644','3','2013-10-08 11:35:50','2013-10-08 11:35:50','27',1),(536,'Nombre','95f0314b3e87f7ffe837632b25537dc36384d644','3','2013-10-08 11:35:50','2013-10-08 11:35:50','27',1),(537,'Nombre','95f0314b3e87f7ffe837632b25537dc36384d644','3','2013-10-08 11:35:50','2013-10-08 11:35:50','27',1),(538,'undefined','af76d29f8bb44f6d60ed8202fca8f5be92e1c639','undefined','2013-10-08 11:38:18','2013-10-08 11:38:18','25',0),(539,'Nvl4Ricardo','85323c581cfaff4f94938540cb301f67b3779bdc','3','2013-10-10 03:24:28','2013-10-10 03:26:25','440,441,442',1),(540,'undefined','af76d29f8bb44f6d60ed8202fca8f5be92e1c639','undefined','2013-10-10 05:46:59','2013-10-10 05:46:59','443',0),(541,'undefined','af76d29f8bb44f6d60ed8202fca8f5be92e1c639','undefined','2013-10-10 10:17:34','2013-10-10 10:17:34','439',0),(542,'undefined','af76d29f8bb44f6d60ed8202fca8f5be92e1c639','undefined','2013-10-10 10:17:58','2013-10-10 10:17:58','26,439,495',0),(543,'undefined','af76d29f8bb44f6d60ed8202fca8f5be92e1c639','undefined','2013-10-10 10:19:24','2013-10-10 10:19:24','28',0),(544,'undefined','af76d29f8bb44f6d60ed8202fca8f5be92e1c639','undefined','2013-10-10 10:38:39','2013-10-10 10:38:39','442',0),(545,'undefined','af76d29f8bb44f6d60ed8202fca8f5be92e1c639','undefined','2013-10-10 10:38:49','2013-10-10 10:38:49','442',0),(546,'undefined','af76d29f8bb44f6d60ed8202fca8f5be92e1c639','undefined','2013-10-10 10:40:00','2013-10-10 10:40:00','442',0),(547,'undefined','af76d29f8bb44f6d60ed8202fca8f5be92e1c639','undefined','2013-10-10 10:40:19','2013-10-10 10:40:19','442',0),(548,'undefined','af76d29f8bb44f6d60ed8202fca8f5be92e1c639','undefined','2013-10-10 10:47:07','2013-10-10 10:47:07','442',0);
/*!40000 ALTER TABLE `users` ENABLE KEYS */;
UNLOCK TABLES;
/*!40103 SET TIME_ZONE=@OLD_TIME_ZONE */;

/*!40101 SET SQL_MODE=@OLD_SQL_MODE */;
/*!40014 SET FOREIGN_KEY_CHECKS=@OLD_FOREIGN_KEY_CHECKS */;
/*!40014 SET UNIQUE_CHECKS=@OLD_UNIQUE_CHECKS */;
/*!40101 SET CHARACTER_SET_CLIENT=@OLD_CHARACTER_SET_CLIENT */;
/*!40101 SET CHARACTER_SET_RESULTS=@OLD_CHARACTER_SET_RESULTS */;
/*!40101 SET COLLATION_CONNECTION=@OLD_COLLATION_CONNECTION */;
/*!40111 SET SQL_NOTES=@OLD_SQL_NOTES */;

-- Dump completed on 2013-10-18 11:46:35
